X,Y,Name,Lo,La,Uncertaint,Type,Input,Measured,Predicted,Error,Mis_Shen,StdError,Stdd_Error,NormValue,Source_ID,Field15,Iso_35_1,Iso_25_1,Ocean_1
-2456.249713,-1407325.991,WRS 29,-179.9,-77.1,1,2,24,23,23.80400085,-0.987661788,0.195999146,1.960817619,-0.503698956,-0.568482485,0,0,33.25299835,23.25300026,8.204899788
-17193.329,-1407223.105,,-179.3,-77.1,0,6,24,23,24.33699989,-0.521437563,0.336999893,1.963694861,-0.265538997,-0.306746757,1,0,33.25299835,23.25300026,8.204899788
-34820.68289,-1404696.953,ERS3,-178.58,-77.12,1,2,24,23,24.13999939,-0.633394902,0.13999939,2.045002663,-0.309728155,-0.361496869,2,0,33.51499939,23.51499939,8.245800018
-63840.60946,-1405879.388,,-177.4,-77.1,0,6,23,23,25.72699928,0.011516311,2.726999283,1.930786458,0.00596457,0.030204931,3,0,33.55699921,23.55699921,9.304900169
-73078.29878,-1394417.008,,-177,-77.2,0,6,22,23,24.87299919,0.820384479,2.872999191,1.92475468,0.426228073,0.543306052,4,0,33.5340004,23.5340004,9.313899994
-73783.64595,-1403189.931,ERS5,-176.99,-77.12,1,2,24,22,25.47299957,-2.034010849,1.472999573,1.864255188,-1.091058167,-1.239538062,5,0,33.55699921,23.55699921,9.304900169
-112866.2026,-1402794.96,,-175.4,-77.1,0,6,18,21,26.91900063,2.588161597,8.919000626,1.983721415,1.304700134,1.110505135,6,0,33.66999817,23.67000008,12.66800022
-114413.2494,-1391635.311,,-175.3,-77.2,0,6,21,19,26.29400063,-1.672077335,5.294000626,1.958584147,-0.853717384,-0.889947674,7,0,33.66899872,23.66900063,12.66899967
-122888.7631,-1324700.643,begin,-174.7,-77.8,1,3,21,21,24.43000031,0.279192788,3.430000305,2.01198938,0.138764543,0.217417541,8,0,33.71699905,23.71699905,14.05700016
-135896.1046,-1398541.476,ERS11,-174.45,-77.12,1,2,18,19,27.56900024,1.074289452,9.569000244,1.91675594,0.560472739,0.656989595,9,0,33.75,23.75,13.75899982
-129823.1632,-1324039.043,end,-174.4,-77.8,1,3,21,21,24.79800034,0.114022666,3.798000336,2.02843234,0.056212211,0.090725315,10,0,33.71699905,23.71699905,14.05700016
-145956.295,-1388681.385,,-174,-77.2,0,6,19,19,27.36300087,-0.16180919,8.36300087,1.873787584,-0.086354073,-0.099393084,11,0,33.77600098,23.77599907,13.75199986
-155653.2805,-1396480.6,ERS13,-173.64,-77.12,1,2,18,19,27.73600006,0.691371006,9.736000061,1.770514861,0.390491501,0.508624458,12,0,33.77600098,23.77599907,13.75199986
-213545.6336,-1903802.214,,-173.6,-72.5,0,6,8,25,0,16.56006757,0,6.653855867,2.48879265,2.346850017,13,0,26.61400032,16.61400032,11.00199986
-159314.0677,-1398281.626,,-173.5,-77.1,0,6,18,19,27.73600006,0.742013031,9.736000061,1.809886095,0.409977751,0.533332001,14,0,33.77600098,23.77599907,13.75199986
-170169.8971,-1385922.594,,-173,-77.2,0,6,20,19,27.51000023,-1.068474557,7.510000229,1.977644526,-0.540276345,-0.6199602,15,0,33.83399963,23.83399963,12.71500015
-194827.4958,-1391556.056,ERS17,-172.03,-77.12,1,2,19,20,27.48399925,1.11412539,8.483999252,1.922800209,0.579428577,0.678557554,16,0,33.87099838,23.87100029,11.86900043
-205586.7561,-1392230.787,,-171.6,-77.1,0,6,21,20,27.36400032,-1.31586569,6.36400032,1.88278557,-0.698893019,-0.774054681,17,0,33.98899841,23.98900032,11.52900028
-87825.3154,-567317.0235,SURP,-171.2,-84.72,2,4,26,32,32.2859993,6.247167591,6.285999298,4.914607347,1.271142769,1.063764356,18,0,37.38100052,27.38100052,6.442699909
-213618.8092,-1379893.559,,-171.2,-77.2,0,6,20,21,27.13800049,0.581683541,7.138000488,1.907161221,0.304999669,0.436256565,19,0,33.90000153,23.89999962,12.24300003
-224411.5184,-1387092.456,ERS20,-170.81,-77.12,1,2,20,21,27.28700066,0.982183316,7.287000656,1.883004781,0.521604261,0.625197184,20,0,33.77600098,23.77599907,11.81299973
-235266.8816,-1376367.946,,-170.3,-77.2,0,6,22,21,27.02300072,-1.032918524,5.023000717,1.950231922,-0.529638815,-0.599179259,21,0,33.72399902,23.72400093,11.83300018
-251633.3879,-1384649.095,,-169.7,-77.1,0,6,22,22,27.15800095,-0.371265228,5.158000946,1.887581585,-0.196688308,-0.208590862,22,0,33.72900009,23.72900009,11.95300007
-253411.3738,-1382088.523,ERS23,-169.61,-77.12,1,2,22,22,27.15800095,-0.28282243,5.158000946,1.920215553,-0.147286813,-0.147217406,23,0,33.72900009,23.72900009,11.95300007
-423891.3736,-1662992.11,,-165.7,-74.3,0,6,18,25,0,7.06775882,0,2.663574921,2.653486021,2.510729645,24,0,25.67499924,15.67500019,11.38300037
-452769.8766,-1689760.184,,-165,-74,0,6,30,23,0,-7.457168328,0,2.470442436,-3.018555793,-2.796652016,25,0,24.86800003,14.86800003,11.86600018
-463894.1137,-1617791.033,,-164,-74.6,0,6,20,24,0,3.897887808,0,3.023200504,1.28932494,1.094658905,26,0,25.62000084,15.61999989,12.14299965
-479139.9967,-1670959.745,,-164,-74.1,0,6,28,25,0,-2.801353058,0,2.611629093,-1.07264583,-1.185549266,27,0,25.56299973,15.56299973,12.11900043
-551158.6784,-1183041.585,MPAT,-155.02,-78.03,1,4,27,28,28.98699951,0.559536597,1.986999512,4.18780604,0.133610915,0.204183652,28,0,36.6969986,26.6970005,6.70510006
-469169.3832,-779595.6346,SIPL,-148.96,-81.64,10,4,27,28,30.80699921,0.99487156,3.806999207,3.503505896,0.283964574,0.39859816,29,0,34.95600128,24.95599937,7.347000122
-472360.0215,-781497.4042,SDM,-148.85,-81.61,1,4,27,28,30.80699921,1.009133731,3.806999207,3.495214216,0.288718708,0.407957828,30,0,35.01100159,25.01099968,7.313600063
-302341.5869,-410536.0176,FALL,-143.63,-85.31,4,4,24,33,33.07799911,8.720117288,9.077999115,4.314286891,2.021218688,1.991084491,31,0,34.43500137,24.43499947,7.350299835
-603229.0088,-772097.922,OND,-142,-81,1,4,29,29,32.26399994,-0.072521384,3.263999939,3.94196805,-0.018397253,-0.00431436,32,0,33.47499847,23.47500038,7.702600002
-854394.2674,-1087693.252,CLRK,-141.85,-77.32,2,4,29,30,32.54499817,0.631088591,3.544998169,4.287725633,0.147184929,0.239560157,33,0,38.1570015,28.15699959,6.395500183
-573166.7428,-602094.7605,STC,-136.41,-82.36,1,4,31,27,29.29700089,-3.924461345,1.702999115,4.101712093,-0.956786156,-0.990645174,34,0,34.49100113,24.49099922,7.430600166
-770300.5866,-770031.7479,ISDE,-134.99,-80,1,4,29,29,30.68400002,0.175272624,1.684000015,4.02972429,0.043494942,0.073409552,35,0,34.66199875,24.66200066,7.444399834
-952553.8378,-922444.3496,ST14,-134.08,-77.84,2,4,27,29,31.12400055,2.298573181,4.124000549,3.79832854,0.605153861,0.694942681,36,0,37.92300034,27.92300034,6.80670023
-1031532.024,-881322.9893,ST13,-130.51,-77.56,4,4,30,27,31.51600075,-3.217249774,1.516000748,3.720278103,-0.864787439,-0.902842857,38,0,37.13499832,27.13500023,7.214700222
-991528.6102,-838500.0925,MBL,-130.22,-78.09,1,4,25,28,30.00699997,2.646104638,5.006999969,3.798249071,0.696664329,0.750974806,40,0,36.10699844,26.10700035,7.451700211
-1191234.95,-990739.6501,ST10,-129.75,-75.81,2,4,28,26,37.24200058,-2.30343209,9.24200058,3.95791208,-0.581981621,-0.667734747,41,0,37.45899963,27.45899963,7.031799793
-1150955.429,-914527.7564,ST09,-128.47,-76.53,2,4,30,25,32.29999924,-4.594355818,2.299999237,3.738997018,-1.228766912,-1.393359233,43,0,37.99900055,27.99900055,7.10739994
-1136315.004,-824672.4831,SILY,-125.97,-77.13,2,4,31,25,31.16399956,-6.397207091,0.163999557,3.754429297,-1.703909325,-1.765661441,45,0,43.76499939,33.76499939,4.998600006
-817467.6197,-588275.8883,OND,-125.74,-80.75,1,4,29,26,29.13999939,-3.431597951,0.13999939,3.997161915,-0.858508618,-0.896376634,46,0,33.64500046,23.64500046,8.042300224
-1068384.555,-762915.6349,ST08,-125.53,-77.96,2,4,25,25,30.51399994,0.493892049,5.513999939,3.712983351,0.133017577,0.199780404,47,0,35.97200012,25.97200012,7.582799911
-1069278.228,-763553.7918,ST08,-125.53,-77.95,3,5,26,25,30.51399994,-0.709311136,4.513999939,3.711676809,-0.191102613,-0.195381027,48,0,35.97200012,25.97200012,7.582799911
-1187472.92,-795544.2411,ST12,-123.82,-76.9,2,4,22,25,29.80699921,3.213378591,7.806999207,3.86495982,0.831413194,0.839778289,49,0,38.94900131,28.9489994,6.724899769
-1028914.7,-688798.3564,ST07,-123.8,-78.64,3,4,25,26,29.29599953,1.257934165,4.295999527,3.734783881,0.336815785,0.460107741,51,0,34.82099915,24.82099915,7.893400192
-1029034.903,-688618.7664,ST07,-123.79,-78.64,3,5,27,26,29.29599953,-1.181801836,2.295999527,3.736834151,-0.316257502,-0.375348874,52,0,34.82099915,24.82099915,7.893400192
-987827.3465,-612956.383,ST06,-121.82,-79.33,3,5,27,25,29.47200012,-1.649412009,2.472000122,3.728804776,-0.442343354,-0.51354071,54,0,33.97399902,23.97400093,8.156100273
-713231.9496,-418450.6994,,-120.4,-82.4,0,6,27,26,31.37100029,-0.795824942,4.37100029,3.94755,-0.201599712,-0.213002127,55,0,32.8769989,22.87700081,8.218099594
-946348.4828,-534764.2858,BYRD,-119.47,-80.02,1,4,28,25,29.09499931,-3.378387056,1.094999313,3.68236489,-0.917450377,-0.929094839,56,0,35.27899933,25.27899933,7.700099945
-946348.4828,-534764.2858,BYRD,-119.47,-80.02,2,4,25,25,28.85000038,0.130756944,3.850000381,3.682394586,0.035508673,0.064760242,57,0,35.27899933,25.27899933,7.700099945
-946348.4828,-534764.2858,BYRD,-119.47,-80.02,2,5,26,25,28.85000038,-1.051053112,2.850000381,3.68053718,-0.285570573,-0.333996644,58,0,35.27899933,25.27899933,7.700099945
-723207.0072,-407672.5214,WNDY,-119.41,-82.37,4,4,22,28,30.76199913,5.714893131,8.76199913,3.886509659,1.470443568,1.31768961,59,0,35.0719986,25.0720005,7.466899872
-903625.234,-452107.3572,ST04,-116.58,-80.72,3,4,22,25,30.81100082,3.046230754,8.811000824,3.74836508,0.812682513,0.821503149,60,0,32.73400116,22.73399925,8.611100197
-903625.234,-452107.3572,ST04,-116.58,-80.72,3,5,20,25,30.81100082,5.469629394,10.81100082,3.735721655,1.464142647,1.297403886,61,0,32.73400116,22.73399925,8.611100197
-507115.3264,-252396.4885,BENN,-116.46,-84.79,3,5,31,26,31.92700005,-5.046418821,0.927000046,4.409759527,-1.14437506,-1.31768961,62,0,41.05699921,31.05699921,5.582099915
-773969.6202,-374151.5332,,-115.8,-82.1,0,6,32,25,30.75699997,-6.517425007,1.243000031,3.753013052,-1.73658469,-1.830831861,63,0,35.17300034,25.17300034,7.61070013
-798371.7344,-347141.9099,,-113.5,-82,0,6,30,26,30.29400063,-3.800847749,0.294000626,3.722691643,-1.020994515,-1.126635236,64,0,35.35300064,25.35300064,7.618199825
-859718.1087,-367587.9193,ST03,-113.15,-81.41,2,4,25,25,28.4470005,0.285594407,3.447000504,3.712200614,0.076933991,0.134145595,65,0,36.70800018,26.70800018,7.227399826
-1566885.53,-629248.6996,BEAR,-111.88,-74.55,3,5,33,23,29.21299934,-10.05604138,3.787000656,4.955533576,-2.029255018,-2.058033498,67,0,35.0359993,25.0359993,7.049099922
-1070404.163,-427697.7652,WAIS,-111.78,-79.42,2,4,24,24,28.96699905,0.384096466,4.966999054,3.734119999,0.102861308,0.169060929,68,0,33.20899963,23.20899963,8.572500229
-1070404.163,-427697.7652,WAIS,-111.78,-79.42,2,5,25,24,28.96699905,-0.83206618,3.966999054,3.735937019,-0.222719542,-0.235122576,69,0,33.20899963,23.20899963,8.572500229
-815332.1086,-282652.8267,ST02,-109.12,-82.07,2,4,32,27,31.04700089,-4.776291313,0.952999115,3.712392247,-1.286580457,-1.428374259,72,0,36.65000153,26.64999962,7.333799839
-1280452.351,-441895.2521,UPTW,-109.04,-77.58,10,4,21,24,28.95800018,2.933685556,7.958000183,3.716238969,0.78942328,0.803498345,73,0,32.79899979,22.79899979,8.459799767
-1280452.351,-441895.2521,UPTW,-109.04,-77.58,10,5,19,24,28.95800018,5.345745056,9.958000183,3.719902224,1.437066013,1.248893687,74,0,32.79899979,22.79899979,8.459799767
-1174877.889,-404542.8993,MA10,-109,-78.6,5,5,28,23,28.62199974,-4.99964731,0.621999741,3.841739678,-1.301401899,-1.452727306,76,0,37.24499893,27.24500084,7.053500175
-1407178.474,-451253.8105,DNTW,-107.78,-76.46,2,4,24,24,27.23500061,0.166591707,3.23500061,3.752519838,0.044394624,0.077736227,77,0,33.26200104,23.26199913,8.142000198
-893750.0103,-278372.1294,,-107.3,-81.4,0,6,30,26,29.77799988,-3.570716168,0.222000122,3.860678719,-0.924893375,-0.935758393,80,0,36.33200073,26.33200073,7.558300018
-1062639.464,-284733.3862,MA09,-105,-79.9,5,5,24,25,27.38199997,0.770950486,3.381999969,3.895306672,0.19791779,0.297714835,81,0,35.02899933,25.02899933,8.033800125
-771390.6503,-197915.9536,WHIT,-104.39,-82.68,3,4,30,28,31.33600044,-1.829870849,1.336000443,3.780047519,-0.484086732,-0.543306052,82,0,42.07600021,32.07600021,5.626699924
-771390.6503,-197915.9536,WHIT,-104.39,-82.68,2,5,31,28,31.33600044,-3.074635465,0.336000443,3.776446104,-0.814161087,-0.852119036,83,0,42.07600021,32.07600021,5.626699924
-2772432.96,-706684.3001,,-104.3,-64.1,0,6,10,31,0,20.67536439,0,9.939990919,2.080018438,2.13572008,84,0,21.92499924,11.92500019,12.61400032
-1339117.519,-309159.6393,MA08,-103,-77.4,5,5,20,24,28.69400024,3.691951515,8.694000244,3.884269105,0.950488088,0.922472287,85,0,32.00299835,22.00300026,8.757900238
-1525602.097,-276698.8013,PIGD,-100.28,-75.8,5,5,25,24,28.55599976,-0.894349844,3.555999756,3.88710686,-0.230081106,-0.24400246,86,0,35.0890007,25.0890007,7.365399837
-1126511.701,-198837.1396,MTM,-100.01,-79.5,1,4,23,24,27.73500061,1.41327146,4.73500061,3.872745766,0.364927508,0.503720469,87,0,33.24499893,23.24500084,8.64659977
-727848.4032,-111896.5445,ST01,-98.74,-83.23,3,4,28,28,31.85700035,0.008356257,3.857000351,3.867669293,0.002160541,0.021573347,88,0,35.26599884,25.26600075,7.954500198
-1683232.463,-226983.6863,PIG2,-97.68,-74.46,5,5,28,26,30.50200081,-2.499717458,2.502000809,3.892374167,-0.642208932,-0.705970404,90,0,36.08599854,26.08600044,7.139100075
-1251262.899,-166731.8467,MA04,-97.59,-78.42,2,5,24,24,26.8939991,-0.24213272,2.8939991,3.77009258,-0.064224609,-0.064760242,91,0,34.34199905,24.34199905,8.131999969
-1541315.253,-205107.7893,PIG4,-97.58,-75.76,2,5,24,25,30.1760006,0.804295294,6.176000595,3.887364075,0.206899914,0.320341965,92,0,34.04199982,24.04199982,7.705500126
-1736276.829,-231051.9547,PIG1,-97.58,-73.98,5,5,28,26,31.45000076,-1.640277005,3.450000763,3.951064795,-0.41514809,-0.474544229,93,0,36.26399994,26.26399994,7.097499847
-1140496.914,-151364.4613,MA06,-97.56,-79.44,2,5,25,24,29.08699989,-1.289985983,4.086999893,3.91751998,-0.329286383,-0.384623554,94,0,33.30099869,23.3010006,8.611200333
-1194813.733,-158573.2804,MA05,-97.56,-78.94,2,5,24,24,28.12199974,-0.116480336,4.121999741,3.80028682,-0.030650407,-0.025888898,95,0,33.18399811,23.18400002,8.61950016
-1303581.703,-173008.7471,MA03,-97.56,-77.94,2,5,25,23,28.44400024,-1.604379989,3.444000244,3.773176634,-0.425206701,-0.489080305,96,0,32.86600113,22.86599922,8.587200165
-1358036.96,-180235.9395,MA02,-97.56,-77.44,2,5,24,24,28.30699921,-0.403635448,4.306999207,3.802857728,-0.106140034,-0.116751712,97,0,31.77000046,21.77000046,8.927300453
-1412542.481,-187469.8029,MA01,-97.56,-76.94,2,5,24,24,29.36300087,-0.442549256,5.36300087,3.853210496,-0.114852084,-0.129793523,98,0,35.1230011,25.12299919,7.651500225
-1895784.325,-251604.6905,THUR,-97.56,-72.53,5,5,30,26,33.78900146,-3.737975731,3.789001465,4.1734826,-0.895649051,-0.915889947,100,0,34.43700027,24.43700027,7.214399815
-1616113.936,-211904.6334,PIG3,-97.47,-75.08,2,5,23,26,29.97999954,2.83872922,6.979999542,3.878790385,0.731859404,0.779889167,101,0,35.27700043,25.27700043,7.225200176
-1278589.235,-78201.86772,MA07,-93.5,-78.25,2,5,22,28,34.20299911,5.702440727,12.20299911,3.894842901,1.464100317,1.287458295,102,0,32.99599838,22.99600029,8.576999664
-1357892.868,76631.23198,HOWD,-86.77,-77.53,4,4,36,32,42.0870018,-3.842751382,6.087001801,3.872535177,-0.992308967,-1.079082884,103,0,40.32899857,30.32900047,5.870500088
-630423.1304,41541.12462,STEW,-86.23,-84.19,2,5,29,31,31.92499924,2.057461083,2.924999237,4.18502613,0.491624429,0.599179259,105,0,39.10200119,29.10199928,6.350399971
-1576945.719,118294.3629,ELSW,-85.71,-75.52,5,5,31,31,36.20399857,-0.145468561,5.203998566,4.378707018,-0.033221807,-0.030204931,106,0,34.49700165,24.49699974,7.808700085
-1467014.197,110305.3516,KEAL,-85.7,-76.52,5,5,31,32,41.7179985,0.740381087,10.7179985,4.016767055,0.184322635,0.288707135,107,0,33.51699829,23.5170002,8.057999611
-1104874.606,145067.1608,UNGL,-82.52,-79.77,3,5,37,33,37.53699875,-3.840112422,0.536998749,3.844886763,-0.998758262,-1.094658905,108,0,34.39500046,24.39500046,7.491700172
-1104874.606,145067.1608,UNGL,-82.52,-79.77,5,5,37,33,37.53699875,-3.840112422,0.536998749,3.844886763,-0.998758262,-1.102547413,109,0,34.39500046,24.39500046,7.491700172
-1070111.065,177923.3801,WILS,-80.56,-80.04,2,5,37,33,37.88999939,-4.253822856,0.88999939,3.935601114,-1.080857214,-1.194306727,111,0,37.68299866,27.68300056,6.450200081
-1405558.528,265583.0409,FOWL,-79.3,-76.89,5,5,32,33,35.5909996,1.065513974,3.590999603,4.137073137,0.257552608,0.370723664,112,0,38.17399979,28.17399979,6.540500164
-1530808.599,491783.6066,MECK,-72.19,-75.28,5,5,37,29,32.73199844,-7.605855393,4.268001556,5.917339976,-1.285350415,-1.416509088,113,0,39.56600189,29.56599998,5.931200027
-1902159.28,735126.6733,ATOL,-68.87,-71.39,5,5,30,32,0,2.313127292,0,6.854903716,0.337441252,0.464909108,115,0,35.65100098,25.65099907,7.16960001
-2348292.791,915561.1009,,-68.7,-67.1,0,6,22,35,0,12.91265173,0,6.693452513,1.929146685,1.830831861,116,0,34.40200043,24.40200043,9.356399536
-444155.4177,174509.8849,PECA,-68.55,-85.61,5,4,36,35,38.25999832,-1.400893678,2.259998322,4.803747494,-0.29162517,-0.338561951,117,0,39.67900085,29.67900085,6.118599892
-2324074.462,915477.2767,,-68.5,-67.3,0,6,36,32,0,-4.346980736,0,6.653354602,-0.653351729,-0.717084658,118,0,35.63000107,25.62999916,8.885899544
-2154826.653,883758.8171,,-67.7,-68.8,0,6,26,33,0,6.728164651,0,6.844410367,0.983015964,0.935758393,119,0,34.99399948,24.99399948,7.002200127
-2311065.862,947837.1864,,-67.7,-67.3,0,6,24,35,0,10.54275999,0,6.57183012,1.604235014,1.531501739,120,0,34.99700165,24.99699974,7.000999928
-2278121.103,938973.7606,,-67.6,-67.6,0,6,42,31,0,-11.13809445,0,6.645049258,-1.676149268,-1.726055954,121,0,35.62099838,25.62100029,7.115099907
-1565092.847,648282.6837,,-67.5,-74.5,0,6,28,32,34.60499954,4.425918897,6.604999542,6.474736879,0.683567376,0.739583924,122,0,40.25,30.25,6.218999863
-2410441.642,1003370.014,,-67.4,-66.3,0,6,38,36,0,-2.431120345,0,6.688246989,-0.363491412,-0.441006556,123,0,34.92399979,24.92399979,10.02999973
-2116855.939,916045.3648,,-66.6,-69,0,6,30,32,0,2.372091758,0,6.895545931,0.344003474,0.469721218,124,0,35.42599869,25.4260006,6.970200062
-2402942.772,1049819.883,,-66.4,-66.2,0,6,42,36,0,-5.977527628,0,6.626754833,-0.902029391,-0.922472287,125,0,33.67300034,23.67300034,9.685500145
-2423544.75,1114706.04,,-65.3,-65.8,0,6,43,39,0,-4.465206763,0,6.677188056,-0.668725626,-0.722675093,126,0,34.43000031,24.43000031,9.161600113
-2680270.454,1238458.819,,-65.2,-63.3,0,6,37,28,0,-8.699009986,0,6.897856298,-1.261117891,-1.404840052,127,0,27.79999924,17.79999924,10.29599953
-2448733.939,1167986.175,,-64.5,-65.4,0,6,38,39,0,1.171942234,0,6.555097701,0.178783336,0.275239131,128,0,33.875,23.875,9.220899582
-2633945.889,1256327.743,,-64.5,-63.6,0,6,25,32,0,7.380228877,0,6.597336844,1.118667889,1.004839398,129,0,34.0019989,24.00200081,10.97500038
-2483531.088,1200585.837,,-64.2,-65,0,6,38,38,0,0.408201133,0,6.43228151,0.063461329,0.108068327,130,0,34.02600098,24.02599907,10.34300041
-2479325.131,1209247.664,,-64,-65,0,6,36,39,0,2.597779661,0,6.414293798,0.404998546,0.518469405,131,0,35.86700058,25.86700058,8.847999573
-2499786.4,1219227.292,**PMSA,-64,-64.8,2,4,36,37,0,1.145866851,0,6.406983157,0.178846553,0.2797228,132,0,34.02600098,24.02599907,10.34300041
-2499786.4,1219227.292,PMSA,-64,-64.8,2,4,40,37,0,-3.393433529,0,6.405031484,-0.529807471,-0.604349938,133,0,34.02600098,24.02599907,10.34300041
-2592054.645,1264229.522,,-64,-63.9,0,6,38,33,0,-4.871365378,0,6.503109894,-0.749082432,-0.803498345,134,0,33.79800034,23.79800034,11.61200047
-1896302.416,931863.4785,WELC,-63.83,-70.73,5,5,37,31,0,-5.561196823,0,7.280604116,-0.763837277,-0.821503149,135,0,41.94800186,31.94799995,5.375800133
-2478862.977,1235915.489,,-63.5,-64.9,0,6,38,37,0,-1.254211,0,6.429321512,-0.195076727,-0.204183652,136,0,34.13199997,24.13199997,9.153400421
-2519640.476,1256246.4,,-63.5,-64.5,0,6,41,36,0,-4.812473495,0,6.410313324,-0.7507392,-0.809470765,137,0,42.86299896,32.86299896,8.65680027
-2591151.318,1291900.391,,-63.5,-63.8,0,6,25,34,0,9.476764546,0,6.530876105,1.451070943,1.267940278,138,0,33.47999954,23.47999954,11.76200008
-2535616.345,1275282.163,,-63.3,-64.3,0,6,40,35,0,-5.404137824,0,6.418261758,-0.84199399,-0.877198806,139,0,35.68399811,25.68400002,10.21399975
-2725182.406,1382563.944,,-63.1,-62.4,0,6,14,24,0,10.49901425,0,6.740596826,1.557579325,1.452727306,140,0,25.15099907,15.15100002,12.18099976
-1689420.222,860059.9105,BREN,-63.02,-72.68,5,5,34,33,0,-0.96358676,0,6.710856531,-0.143586255,-0.138500208,141,0,40.2840004,30.2840004,5.763400078
-2528904.256,1288541.078,,-63,-64.3,0,6,38,35,0,-3.371605917,0,6.447455703,-0.522935879,-0.59402455,142,0,34.39500046,24.39500046,10.88500023
-2549242.262,1298903.81,,-63,-64.1,0,6,24,35,0,11.09561691,0,6.485655131,1.710793541,1.688986441,143,0,33.27600098,23.27599907,11.51200008
-2477116.336,1289505.145,DSS6,-62.5,-64.7,1,1,34,36,0,1.75049831,0,6.597965313,0.265308808,0.384623554,144,0,38.05899811,28.05900002,6.284699917
-2685265.824,1409796.075,,-62.3,-62.6,0,6,21,22,0,1.112811622,0,6.718054105,0.165644933,0.257358689,145,0,33.91199875,23.91200066,9.344900131
-1453783.291,789339.9238,D000,-61.5,-74.86,1,1,37,32,37.16799927,-4.778771396,0.167999268,6.623072499,-0.72153391,-0.785750324,146,0,33.80099869,23.8010006,7.456699848
-1467928.196,800340.4338,,-61.4,-74.7,0,6,33,33,36.5890007,0.030844624,3.589000702,6.624620104,0.004656059,0.025888898,147,0,33.49100113,23.49099922,7.57490015
-2733483.4,1490343.531,,-61.4,-61.9,0,6,18,20,0,2.084664499,0,6.666028515,0.31272961,0.4505366,148,0,28.85000038,18.85000038,10.54599953
-1462305.039,810568.9189,RIS51,-61,-74.7,1,2,33,33,0,0.043451183,0,6.620435564,0.006563191,0.034521527,149,0,33.49100113,23.49099922,7.57490015
-2672689.886,1481496.195,,-61,-62.4,0,6,10,25,0,15.05107203,0,6.481836214,2.322038314,2.228945135,150,0,34.72100067,24.72100067,10.05099964
-2569780.273,1453911.724,,-60.5,-63.3,0,6,22,30,0,7.793715611,0,6.544815208,1.190822867,1.033853137,151,0,33.72000122,23.71999931,9.869299889
-2599703.65,1470841.557,,-60.5,-63,0,6,40,27,0,-13.24874639,0,6.470568956,-2.047539634,-2.13572008,152,0,33.0530014,23.0529995,10.40299988
-2679678.088,1516088.916,,-60.5,-62.2,0,6,25,22,0,-2.942447115,0,6.482697549,-0.453892395,-0.528364863,153,0,34.6230011,24.62299919,9.0145998
-2582017.968,1478735.633,,-60.2,-63.1,0,6,31,29,0,-1.731334967,0,6.454542588,-0.268235114,-0.311272073,154,0,33.0530014,23.0529995,10.40299988
-2621837.261,1501540.357,,-60.2,-62.7,0,6,35,25,0,-9.85031278,0,6.430188707,-1.53188549,-1.621122396,155,0,36.65499878,26.65500069,8.849100113
-2671703.169,1530098.832,,-60.2,-62.2,0,6,18,23,0,5.22856484,0,6.457718112,0.809661362,0.815472199,156,0,34.67100143,24.67099953,8.788100243
-3112139.118,1789559.364,,-60.1,-57.8,0,6,10,14,0,4.033779713,0,8.076185947,0.499465929,0.609536825,157,0,25.46299934,15.4630003,10.77600002
-2519581.474,1472324.537,,-59.7,-63.6,0,6,36,31,0,-4.830434802,0,6.505151929,-0.742555263,-0.797554449,158,0,33.06200027,23.06200027,9.114999771
-2494720.988,1469502.965,,-59.5,-63.8,0,6,28,33,0,5.354895166,0,6.574660319,0.814474803,0.827564129,159,0,34.99700165,24.99699974,8.377599716
-2593406.819,1527633.362,,-59.5,-62.8,0,6,13,31,0,17.60516312,0,6.399122856,2.751183798,2.627327267,160,0,31.29400063,21.29400063,10.18400002
-2623090.332,1545118.288,DSS2,-59.5,-62.5,1,1,33,27,0,-6.148267938,0,6.419876651,-0.957692534,-0.997717159,161,0,36.25699997,26.25699997,8.273200035
-2692495.449,1586001.026,,-59.5,-61.8,0,6,20,20,0,0.362905103,0,6.492499777,0.055896052,0.086394026,162,0,33.92300034,23.92300034,8.284799576
-2742196.212,1615277.013,,-59.5,-61.3,0,6,10,20,0,10.27650145,0,6.720366718,1.52915784,1.428374259,163,0,23.50600052,13.50599957,11.86100006
-2592528.354,1551596.211,,-59.1,-62.7,0,6,29,26,0,-3.206772414,0,6.389922129,-0.501848434,-0.563418803,164,0,31.25900078,21.25900078,9.91629982
-1362124.985,818447.2617,D100,-59,-75.45,1,1,35,33,38.20299911,-2.110766231,3.202999115,6.662464417,-0.316814635,-0.379982129,165,0,33.32300186,23.32299995,16.65099907
-2579977.123,1550206.651,,-59,-62.8,0,6,36,25,0,-11.02929671,0,6.403136663,-1.722483415,-1.808247532,166,0,32.54399872,22.54400063,9.178500175
-2698317.331,1621312.622,,-59,-61.6,0,6,14,20,0,6.077889973,0,6.523867622,0.931639071,0.909347052,167,0,33.63999939,23.63999939,8.172400475
-2596929.401,1566567.97,,-58.9,-62.6,0,6,15,25,0,10.34518509,0,6.402600342,1.615778674,1.559996302,168,0,30.54500008,20.54500008,9.940099716
-2454433.873,1492319.186,,-58.7,-64,0,6,38,31,0,-7.27682254,0,6.722208714,-1.082504702,-1.212102035,169,0,34.71699905,24.71699905,7.107800007
-2576138.223,1578659.534,,-58.5,-62.7,0,6,32,23,0,-9.275242523,0,6.361998531,-1.457913339,-1.589816944,170,0,32.47800064,22.47800064,8.982600212
-2674233.902,1638772.643,,-58.5,-61.7,0,6,23,18,0,-5.116104711,0,6.503828651,-0.786629689,-0.827564129,171,0,34.31000137,24.30999947,8.030400276
-2475788.276,1523115.11,ESPZ,-58.4,-63.7,2,4,36,32,0,-3.895407603,0,6.567595197,-0.593125411,-0.700445895,172,0,36.06499863,26.06500053,6.751699924
-2538581.808,1573987.407,,-58.2,-63,0,6,32,25,0,-6.656817587,0,6.470401657,-1.028810565,-1.14306392,173,0,34.61899948,24.61899948,8.062999725
-2594313.876,1614818.167,,-58.1,-62.4,0,6,30,22,0,-7.832795078,0,6.42785815,-1.218569996,-1.370932916,174,0,30.07099915,20.07099915,9.684700012
-2591491.537,1619343.637,,-58,-62.4,0,6,14,24,0,10.11962654,0,6.410821891,1.578522491,1.504199064,175,0,30.07099915,20.07099915,9.684700012
-2559465.59,1605549.738,,-57.9,-62.7,0,6,15,26,0,10.80520731,0,6.416736183,1.683910168,1.605273027,176,0,33.22499847,23.22500038,8.476400375
-2588661.304,1623864.175,,-57.9,-62.4,0,6,14,23,0,8.635444579,0,6.411817729,1.34680132,1.151395141,177,0,29.87700081,19.87700081,9.753100395
-2502603.924,1588200.744,,-57.6,-63.2,0,6,41,25,0,-15.97067405,0,6.573556114,-2.429533388,-2.283937321,178,0,34.63499832,24.63500023,7.928899765
-2521960.16,1600484.585,,-57.6,-63,0,6,18,27,0,9.056999049,0,6.542136736,1.384409928,1.203156755,179,0,33.77099991,23.77099991,8.262599945
-2654951.668,1691390.752,,-57.5,-61.6,0,6,22,20,0,-2.425615478,0,6.538079599,-0.370998156,-0.4505366,180,0,33.91199875,23.91200066,8.128499985
-3215894.009,2072502.263,,-57.2,-55.8,0,6,12,11,0,-0.634218975,0,8.163499048,-0.0776896,-0.090725315,181,0,23.95700073,13.95699978,11.61499977
-2588834.183,1687639.772,,-56.9,-62.1,0,6,13,21,0,8.128776953,0,6.466030262,1.257151084,1.056197915,182,0,33.64899826,23.64900017,8.22879982
-2566631.054,1679556.299,,-56.8,-62.3,0,6,32,19,0,-13.2476513,0,6.507026767,-2.035899309,-2.095297244,183,0,31.46500015,21.46500015,9.130900383
-2634648.543,1743835.829,,-56.5,-61.5,0,6,20,20,0,-0.003694086,0,6.615062227,-0.000558436,0.017258198,184,0,33.69800186,23.69799995,7.952199936
-1261653.329,850995.9159,D200,-56,-76.06,1,1,33,33,39.25500107,-0.470304305,6.255001068,6.510622795,-0.072236454,-0.082064357,185,0,33.82899857,23.82900047,16.28000069
-2581098.388,1740972.846,,-56,-61.9,0,6,17,21,0,3.662826604,0,6.632711677,0.552236669,0.651645408,186,0,32.39099884,22.39100075,8.502599716
-2619578.291,1786955.153,,-55.7,-61.4,0,6,21,20,0,-1.187807922,0,6.880099987,-0.172643991,-0.173438996,187,0,34.73799896,24.73800087,7.554900169
-1279331.49,875976.5535,13,-55.6,-75.8,1,3,35,32,37.68899918,-3.168806795,2.688999176,6.500383211,-0.487479998,-0.553334448,188,0,33.80500031,23.80500031,15.88300037
-1286889.322,884454.5268,,-55.5,-75.7,0,6,27,33,37.63899994,6.082016774,10.63899994,6.539337891,0.930066144,0.896376634,189,0,33.83800125,23.83799934,15.87100029
-2963585.769,2067426.068,,-55.1,-57.6,0,6,13,14,0,1.437261594,0,8.043125274,0.178694419,0.270760988,190,0,23.6420002,13.6420002,11.5880003
-1270088.306,889325.4063,RIS56,-55,-75.8,1,2,27,33,37.76599884,6.048114982,10.76599884,6.496256734,0.931015388,0.902842857,191,0,33.80899811,23.80900002,15.7670002
-1235355.672,881170.6373,,-54.5,-76.1,0,6,35,32,38.40599823,-2.798257964,3.40599823,6.475990407,-0.432097299,-0.498828564,192,0,33.85300064,23.85300064,15.84799957
-1182837.173,878452.4093,,-53.4,-76.5,0,6,34,33,39.68899918,-0.648822306,5.688999176,6.435160414,-0.100824574,-0.11240896,193,0,33.875,23.875,15.98499966
-621962.764,465287.594,DUFK,-53.2,-82.86,5,4,37,37,36.12200165,0.287803045,0.877998352,4.927577872,0.058406595,0.095058307,194,0,38.11999893,28.12000084,6.337800026
-1167882.454,880062.5531,12,-53,-76.6,1,3,33,34,39.90299988,0.562867277,6.902999878,6.422319083,0.087642372,0.14285745,195,0,34.04899979,24.04899979,15.54899979
-1148786.631,868820.5056,,-52.9,-76.8,0,6,37,33,40.6570015,-3.76331784,3.657001495,6.434283925,-0.584885262,-0.673136294,196,0,34.09500122,24.09499931,15.74699974
-1142693.174,876819.3116,D320,-52.5,-76.8,1,1,32,34,40.54499817,1.860679878,8.544998169,6.417719452,0.289928516,0.412651047,197,0,34.09500122,24.09499931,15.74699974
-1140544.89,897520.3262,,-51.8,-76.7,0,6,32,34,39.85900116,1.734599214,7.85900116,6.43121616,0.269715583,0.389273281,198,0,34.14899826,24.14900017,15.43099976
-1095243.478,883750.0785,,-51.1,-77.1,0,6,37,33,40.84199905,-4.455684671,3.841999054,6.240239829,-0.714024588,-0.779889167,199,0,34.24499893,24.24500084,14.92500019
-3289014.878,2740303.886,,-50.2,-52,0,6,10,11,0,0.676814175,0,10.79618729,0.062690111,0.099393084,200,0,28.58799934,18.58799934,13.45800018
-1090104.277,924475.6568,11,-49.7,-76.9,1,3,32,33,40.24200058,0.913046074,8.24200058,6.273023478,0.145551197,0.226261193,201,0,34.30799866,24.30800056,14.11100006
-1047110.413,907035.4926,,-49.1,-77.3,0,6,34,33,40.50299835,-1.270410414,6.502998352,6.245857838,-0.203400469,-0.217417541,202,0,34.36700058,24.36700058,14.04599953
-1053824.104,916075.3176,D420,-49,-77.2,1,1,30,33,40.41999817,3.317018054,10.41999817,6.239547297,0.531611974,0.635723021,203,0,34.36700058,24.36700058,14.04599953
-1001946.152,924569.2984,,-47.3,-77.5,0,6,32,33,40.24700165,0.888308379,8.247001648,6.035656281,0.147176767,0.235122576,204,0,34.38700104,24.38699913,13.2329998
-981018.6937,914814.7317,D500,-47,-77.7,1,1,29,33,40.10100174,4.391328673,11.10100174,6.29291784,0.697820754,0.762463974,205,0,34.42200089,24.42200089,13.43700027
-955093.0828,941849.7087,,-45.4,-77.7,0,6,36,33,39.7179985,-3.396673719,3.717998505,6.057320731,-0.560755138,-0.635723021,206,0,34.35300064,24.35300064,12.58500004
-915778.9803,965029.6886,,-43.5,-77.8,0,6,34,34,39.13899994,-0.464048314,5.138999939,6.058724668,-0.076591748,-0.086394026,207,0,33.75600052,23.75600052,12.46500015
-881141.6649,982048.4337,,-41.9,-77.9,0,6,34,34,38.56900024,-0.082213458,4.569000244,6.293810092,-0.01306259,0,208,0,33.24499893,23.24500084,12.35900021
-872813.3578,1004056.912,D640,-41,-77.8,1,1,32,34,38.63600159,2.485965177,6.636001587,6.07372339,0.409298385,0.528364863,209,0,32.80899811,22.80900002,12.21100044
-849859.9879,1009241.181,,-40.1,-77.9,0,6,34,34,38.56000137,0.451591313,4.560001373,6.121111465,0.073776032,0.129793523,210,0,32.46300125,22.46299934,12.04699993
-2423906.013,3036374.618,,-38.6,-55.3,0,6,13,10,0,-3.28667481,0,7.844959373,-0.418953707,-0.479378303,211,0,25.66699982,15.66699982,10.84399986
-812306.8768,1039705.39,,-38,-77.9,0,6,34,35,39.27399826,1.348639071,5.27399826,6.31496414,0.213562427,0.329438288,212,0,32.00899887,22.00900078,10.35700035
-2372035.176,3047013.351,,-37.9,-55.5,0,6,10,11,0,1.430289745,0,7.819517827,0.18291278,0.2842121,213,0,25.15200043,15.15200043,10.9630003
-781982.7135,1076306.869,D780,-36,-77.8,1,1,41,34,40.93399811,-7.457066768,0.066001892,6.659158454,-1.119821194,-1.287458295,214,0,33.22200012,23.22200012,8.784600258
-1723192.97,3296164.141,,-27.6,-56.7,0,6,6,12,0,6.018082068,0,11.99993933,0.501509375,0.614740164,215,0,27.90699959,17.90699959,9.810199738
-966908.9229,1982457.079,,-26,-69.9,0,6,10,19,0,9.042821371,0,11.80614507,0.765941916,0.791638598,216,0,22.94799995,12.94799995,14.78199959
-561912.5963,2237067.815,96110B,-14.1,-69,1,3,14,29,0,15.1220563,0,8.3005742,1.82180846,1.745516481,217,0,22.56999969,12.56999969,13.96000004
-417855.0183,1675924.94,P1begin,-14,-74.2,1,1,38,38,0,-0.036038422,0,4.026025951,-0.008951363,0.008628785,218,0,33.7859993,23.7859993,7.747799873
-381077.0493,1650626.045,AWI2,-13,-74.5,1,3,46,41,0,-5.047485387,0,3.130486419,-1.612364569,-1.67129021,219,0,33.82400131,23.8239994,7.818600178
-369026.1275,1637498.069,AWI3,-12.7,-74.64,1,3,44,43,0,-1.047996025,0,3.012323158,-0.347902921,-0.407957828,220,0,36.76900101,26.7689991,6.931399822
-345447.9671,1545445.366,P1end,-12.6,-75.5,1,1,40,49,0,9.033127282,0,4.453351374,2.028388628,2.023425876,221,0,39.63399887,29.63400078,6.258600235
-390621.107,1761977.949,96110E,-12.5,-73.5,1,3,23,40,0,16.52528702,0,4.368755921,3.782607066,3.134551484,222,0,35.75799942,25.75799942,7.199200153
-438725.6359,1978963.457,SAE33B,-12.5,-71.5,1,1,32,34,0,2.439893754,0,5.122545861,0.476304912,0.573560785,223,0,34.0340004,24.0340004,7.368000031
-353817.9551,1622755.67,AWI4,-12.3,-74.8,1,3,42,44,0,2.352847189,0,3.027137465,0.777251518,0.797554449,224,0,38.31399918,28.31399918,6.509200096
-336254.2003,1609558.073,MUC6,-11.8,-74.95,1,3,46,45,0,-1.160991758,0,2.991836897,-0.388053159,-0.460107741,225,0,41.74100113,31.74099922,5.587500095
-350949.2259,1679899.192,P2begin,-11.8,-74.3,1,1,38,39,0,1.492397212,0,3.450421793,0.432526022,0.548313357,226,0,34.38700104,24.38699913,7.75
-323126.7688,1595343.674,MUC7,-11.45,-75.1,1,3,48,47,0,-1.340683917,0,3.008130596,-0.445686739,-0.518469405,227,0,43.09899902,33.09899902,5.241300106
-308480.1423,1586992.755,MUC8,-11,-75.2,1,3,52,45,0,-6.566859488,0,3.25665064,-2.016445795,-2.023425876,228,0,41.04700089,31.04700089,5.979000092
-304685.4821,1643935.752,P2end,-10.5,-74.7,1,1,40,45,0,5.245627981,0,3.310120156,1.58472434,1.517708986,229,0,42.11299896,32.11299896,5.438899994
-379552.8829,2047884.098,SAE34B,-10.5,-71,1,1,33,35,0,2.444751797,0,3.293362173,0.742327041,0.785750324,230,0,34.93199921,24.93199921,7.142399788
-368413.2878,2027247.377,,-10.3,-71.2,0,6,33,35,0,1.698471978,0,3.167964516,0.536139837,0.641012397,231,0,34.23400116,24.23399925,7.291500092
-358304.831,2074363.724,,-9.8,-70.8,0,6,40,34,0,-6.145491366,0,3.477972906,-1.766975055,-1.879025863,232,0,33.93000031,23.93000031,9.955400467
-302215.1379,1768031.377,9172,-9.7,-73.6,2,4,43,41,0,-1.802144515,0,3.05211371,-0.590457855,-0.694942681,233,0,36.43600082,26.43600082,7.173900127
-343407.5119,2009016.691,VNAE3,-9.7,-71.4,2,4,35,35,0,-0.187287624,0,3.230503369,-0.05797475,-0.051795153,234,0,35.34899902,25.34900093,7.199399948
-287163.3264,1694214.773,WEIGEL,-9.62,-74.28,2,4,42,43,0,0.856526799,0,3.658625853,0.234111613,0.347713885,235,0,41.85499954,31.85499954,5.406199932
-299128.8823,1768556.149,9172,-9.6,-73.6,2,4,44,41,0,-3.009653082,0,3.064593415,-0.982072554,-1.063764356,236,0,36.99700165,26.99699974,7.038599968
-312521.3039,1867553.671,9170,-9.5,-72.7,2,4,37,36,0,-0.886458909,0,4.156913013,-0.213249329,-0.226261193,237,0,36.7840004,26.7840004,6.839600086
-259818.9089,1640432.03,9173,-9,-74.8,2,4,48,43,0,-4.800676988,0,3.646709112,-1.31644089,-1.477973765,238,0,42.86199951,32.86199951,5.492899895
-317094.4953,2002055.85,,-9,-71.5,0,6,36,35,0,-0.50574409,0,3.416995603,-0.148008411,-0.151580161,239,0,34.01300049,24.01300049,10.30500031
-304467.0191,2099872.478,Neum,-8.25,-70.65,2,4,32,37,0,4.625903954,0,3.097407815,1.49347591,1.328038971,240,0,34.29000092,24.29000092,9.501700401
-316191.2692,2194215.399,,-8.2,-69.8,0,6,26,36,0,9.523516782,0,4.788217604,1.988948199,1.932026133,241,0,29.92900085,19.92900085,10.46399975
-296608.5462,2084080.272,,-8.1,-70.8,0,6,38,35,0,-3.460585445,0,3.134608075,-1.103993023,-1.267940278,242,0,34.34500122,24.34499931,9.612600327
-304479.1115,2139381.746,,-8.1,-70.3,0,6,36,32,0,-4.180879786,0,3.437028769,-1.216422691,-1.359973816,243,0,33.18099976,23.18099976,9.574299812
-274357.4335,1952154.575,,-8,-72,0,6,36,36,0,0.259591388,0,3.753348457,0.069162613,0.116751712,244,0,35.47900009,25.47900009,7.193799973
-265236.0317,2099559.382,SAE33E,-7.2,-70.7,1,1,32,37,0,5.103581041,0,2.841583747,1.796034006,1.726055954,245,0,34.52700043,24.52700043,10.06200027
-238162.1366,1912079.861,,-7.1,-72.4,0,6,37,37,0,-0.07326021,0,3.720823092,-0.019689248,-0.008628785,246,0,39.32500076,29.32500076,6.192100048
-261571.2072,2100019.108,,-7.1,-70.7,0,6,40,33,0,-6.516479866,0,2.8137021,-2.315980738,-2.228945135,247,0,34.40399933,24.40399933,9.727399826
-260628.1779,2122646.17,,-7,-70.5,0,6,34,34,0,0.464401668,0,3.168336641,0.14657586,0.23068962,248,0,33.9280014,23.9279995,9.908900261
-228553.2713,2103868.616,,-6.2,-70.7,0,6,34,35,0,1.112277485,0,3.801666404,0.292576299,0.422064945,249,0,34.4679985,24.46800041,7.202499866
-171868.3926,1629745.918,9169,-6.02,-75,2,4,42,46,0,4.235428207,0,4.707413812,0.899735689,0.889947674,250,0,40.56499863,30.56500053,6.409999847
-190230.0828,1872780.271,,-5.8,-72.8,0,6,37,38,0,1.37062941,0,3.935810573,0.348245777,0.479378303,251,0,42.52799988,32.52799988,5.464399815
-151945.8955,1809475.41,SAE34E,-4.8,-73.4,1,1,39,39,0,0.386459167,0,4.628189037,0.083501163,0.138500208,252,0,39.42900085,29.42900085,6.466599941
-99494.19175,2005608.404,SNAA,-2.84,-71.67,2,4,39,36,0,-3.029912714,0,5.945518595,-0.509612856,-0.57865392,253,0,36.90200043,26.90200043,6.724599838
0,1.245065275,SPA,0,-90,1,4,34,43,39.52199936,9.141476909,5.521999359,5.846206173,1.563659686,1.465233798,254,0,38.81900024,28.81900024,7.116300106
0,1638783.238,Kohnen,0,-75,2,4,43,41,0,-1.691267732,0,7.191881856,-0.235163448,-0.261820869,255,0,39.44200134,29.44199944,6.913300037
252126.4844,2439777.558,96100B,5.9,-67.7,1,3,16,24,0,7.80967898,0,8.750440156,0.892489845,0.877198806,256,0,23.72400093,13.72399998,12.23999977
236764.6713,2215462.795,96100E,6.1,-69.7,1,3,25,27,0,2.462431805,0,5.976630936,0.412010016,0.538312332,257,0,31.09600067,21.09600067,9.484499931
347824.8227,2103317.601,West,9.39,-70.56,1,1,34,35,0,0.943967156,0,4.663859222,0.202400439,0.315803772,258,0,34.56399918,24.56399918,7.334700108
390585.7192,1916365.869,WM72,11.52,-72.14,2,4,47,46,0,-0.569866023,0,4.322792249,-0.131828223,-0.134145595,259,0,44.24700165,34.24700165,5.073500156
407540.7699,1992444.708,WM73,11.56,-71.44,2,4,44,43,0,-1.066997031,0,3.936988814,-0.271018558,-0.315803772,260,0,41.12900162,31.12899971,5.565199852
432377.4004,2062479.693,NOVO,11.84,-70.78,2,4,42,37,0,-5.334703728,0,3.239961714,-1.646532953,-1.688986441,261,0,34.06900024,24.06900024,9.484900475
444855.8738,2057539.905,,12.2,-70.8,0,6,37,40,0,2.893872945,0,3.240220404,0.893109907,0.883555289,262,0,35.09199905,25.09199905,7.191400051
449809.2125,1914764.703,WM79,13.22,-72.04,2,4,49,45,0,-4.422550489,0,4.272819326,-1.035042709,-1.168301849,263,0,44.31100082,34.31100082,4.980000019
503533.7729,2115251.089,Lazarev,13.39,-70.18,1,1,29,36,0,6.945019061,0,4.56339424,1.52189767,1.393359233,264,0,34.09700012,24.09700012,10.43900013
535323.0546,2010479.751,East,14.91,-71.02,1,1,38,41,0,3.338098319,0,3.860534219,0.864672641,0.864590942,265,0,35.37799835,25.37800026,7.313399792
381332.9891,1423154.09,,15,-76.5,0,6,36,48,0,11.73957788,0,8.737004364,1.34366167,1.134811292,266,0,40.88899994,30.88899994,6.640699863
561982.2356,2040263.639,,15.4,-70.7,0,6,40,36,0,-4.252449662,0,4.098154529,-1.037649906,-1.176881796,267,0,33.79499817,23.79500008,7.643799782
1645643.179,2113921.744,,37.9,-65.7,0,6,10,37,0,26.87711316,0,10.97532231,2.448867778,2.283937321,268,0,22.39800072,12.39799976,14.95600033
1462487.938,1783633.148,Syowa,39.35,-69,2,4,36,38,0,2.158707549,0,3.98797477,0.541304214,0.646319768,269,0,34.49599838,24.49600029,11.72399998
1481588.368,1761937.843,J99-S1,40.06,-69.04,1,3,37,39,0,1.563350875,0,3.162234547,0.494381695,0.604349938,270,0,35.59999847,25.60000038,12.03299999
1498190.868,1744885.296,J99-S2,40.65,-69.06,1,3,39,40,0,0.912152446,0,2.87408585,0.317371329,0.455316957,271,0,36.34700012,26.34700012,6.956799984
1499821.031,1737559.388,,40.8,-69.1,0,6,42,39,0,-2.619576194,0,2.80359153,-0.934364427,-0.94921177,272,0,37.2179985,27.21800041,6.752099991
1495506.143,1726459.513,,40.9,-69.2,0,6,41,40,0,-0.889590643,0,2.879325929,-0.308957952,-0.356895036,273,0,37.2179985,27.21800041,6.752099991
1430753.526,1634336.586,J01-SP1,41.2,-70.2,1,2,40,41,0,0.708950669,0,4.185190319,0.169395085,0.261820869,274,0,37.65999985,27.65999985,6.844600201
1500120.61,1707551.458,J99-S3,41.3,-69.3,1,3,40,41,0,0.826796581,0,3.008214992,0.274846241,0.393931438,275,0,37.06200027,27.06200027,6.938499928
1468949.312,1660345.161,J01-SP2,41.5,-69.8,1,2,40,41,0,0.839640053,0,3.223179445,0.260500561,0.375348874,276,0,37.39400101,27.3939991,6.868400097
1497090.586,1680297.639,,41.7,-69.5,0,6,42,41,0,-1.476831862,0,2.967959983,-0.497591568,-0.558369528,277,0,37.20199966,27.20199966,6.916399956
1498370.58,1664109.118,J99-S4,42,-69.6,1,3,41,41,0,0.031753913,0,2.962749739,0.010717717,0.038838766,278,0,37.44400024,27.44400024,6.893599987
1536405.654,1682578.886,J01-SP5,42.4,-69.25,1,2,40,41,0,0.637181708,0,3.149031225,0.202342137,0.311272073,279,0,37.15299988,27.15299988,6.990600109
1490139.588,1626202,,42.5,-69.9,0,6,40,42,0,1.618524865,0,2.851825702,0.567539897,0.662352611,280,0,38.13399887,28.13400078,6.754600048
1500552.983,1631839.11,J99-S5,42.6,-69.8,1,3,42,41,0,-0.957531952,0,2.886895504,-0.331682235,-0.389273281,281,0,37.9070015,27.90699959,6.861000061
1558127.415,1688526.507,J01-SP6,42.7,-69.08,1,2,40,40,0,0.296029367,0,3.291622876,0.089934169,0.147217406,282,0,37.67100143,27.67099953,6.798799992
1498633.896,1618377.391,,42.8,-69.9,0,6,42,41,0,-0.657197962,0,2.872596383,-0.228781866,-0.239560157,283,0,39.18299866,29.18300056,6.453700066
1594550.273,1712940.329,J01-SP7,42.95,-68.7,1,2,40,40,0,-0.180925612,0,4.387518994,-0.041236428,-0.047475498,284,0,37.0340004,27.0340004,6.895199776
1497351.473,1588950.786,,43.3,-70.1,0,6,42,42,0,0.090489044,0,2.925536606,0.030930751,0.056115774,285,0,39.23799896,29.23800087,6.500800133
1492437.541,1578208.45,J99-S6,43.4,-70.2,1,3,43,42,0,-1.21156311,0,2.882795228,-0.420273732,-0.484223607,286,0,39.75,29.75,6.362299919
1490226.473,1564891.959,,43.6,-70.3,0,6,42,42,0,0.208822626,0,3.18245595,0.065616816,0.11240896,287,0,39.75,29.75,6.362299919
1524854.434,1562576.394,MZH,44.3,-70.1,1,2,42,42,0,0.238361362,0,3.766519226,0.063284255,0.10372973,288,0,39.65599823,29.65600014,6.445000172
747849.4197,602146.4607,GM05,51.16,-81.18,6,5,49,47,52.92300034,-2.233784451,3.923000336,4.353103328,-0.513147583,-0.583762109,290,0,40.68299866,30.68300056,6.916900158
1071797.91,750480.9759,,55,-78,0,6,39,48,49.34199905,8.8203332,10.34199905,6.135806353,1.437518183,1.25835992,291,0,39.81100082,29.81100082,7.045000076
1046555.102,604472.4389,N215,59.99,-78.91,6,5,49,44,48.3730011,-4.730910968,0.626998901,4.155294909,-1.138525922,-1.307479493,292,0,40.63700104,30.63699913,6.805699825
666709.7018,367891.7204,GM04,61.11,-83,4,5,48,47,52.36199951,-1.34566449,4.361999512,5.248869377,-0.256372257,-0.297714835,294,0,42.8219986,32.8219986,6.150300026
1027720.823,526817.0065,N206,62.86,-79.4,4,5,47,47,47.7820015,-0.308227329,0.782001495,4.513076779,-0.068296496,-0.077736227,296,0,42.10300064,32.10300064,6.343200207
2193522.553,1122482.201,MAW,62.9,-67.6,2,4,44,37,0,-6.800348086,0,7.038763671,-0.966128201,-1.026518672,298,0,34.54299927,24.54299927,10.85099983
2499786.4,1219227.292,PMSA,64,-64.8,2,4,36,41,0,4.999889104,0,9.506381013,0.525950843,0.630451371,299,0,26.56599998,16.56599998,14.22700024
1708340.846,826948.0323,CRES,64.17,-72.66,2,4,33,36,0,2.749225604,0,6.102009684,0.450544287,0.563418803,300,0,37.20999908,27.20999908,6.94119978
1977064.852,886040.8001,Jack,65.86,-70.25,2,4,38,32,0,-6.153978337,0,5.972943599,-1.030309132,-1.151395141,301,0,39.8390007,29.8390007,5.936100006
1008700.851,449946.6163,N198,65.96,-79.86,4,5,50,48,49.70500183,-1.938474906,0.294998169,4.499978538,-0.430774256,-0.493948567,302,0,41.6609993,31.6609993,6.559899807
1814627.592,770263.7137,A,67,-72,1,2,32,35,0,2.651251775,0,4.398866005,0.602712556,0.689460433,304,0,39.70399857,29.70400047,5.898900032
1869164.88,778441.0296,FISHER,67.39,-71.52,2,4,41,30,0,-11.04730446,0,4.126322348,-2.677276163,-2.420702859,305,0,38.75899887,28.75900078,6.127900124
2295402.234,920419.7733,ROTH,68.15,-67.52,5,5,33,36,0,2.942927074,0,6.541151352,0.449909644,0.558369528,306,0,34.02099991,24.02099991,11.63799953
1954128.54,782782.7665,BVLK,68.17,-70.8,2,4,30,31,0,0.900306609,0,3.911203584,0.230186588,0.343134326,307,0,37.25799942,27.25799942,6.47149992
1961630.607,779041.718,BEAVER,68.34,-70.75,1,2,30,30,0,0.134075661,0,3.939364261,0.034034847,0.060437443,308,0,35.02299881,25.02300072,6.994999886
1739435.423,680976.9549,NMES,68.62,-72.93,2,4,33,32,0,-0.965435429,0,5.316603242,-0.181588767,-0.186593515,309,0,39.42599869,29.4260006,5.963900089
1888313.446,721454.4433,C,69.09,-71.55,1,2,24,32,0,8.10067207,0,4.259614804,1.901738172,1.808247532,310,0,32.36600113,22.36599922,8.002300262
985929.5031,369997.4868,N190,69.43,-80.33,5,5,47,50,51.40499878,3.266138631,4.404998779,4.982105536,0.655573955,0.711516545,312,0,43.06600189,33.06600189,6.139999866
1967640.345,716162.5174,,70,-70.9,0,6,23,29,0,5.827219792,0,4.530292309,1.286278985,1.071392193,313,0,31.05500031,21.05500031,12.46800041
2145971.228,681566.7275,D,72.38,-69.49,1,2,24,32,0,8.139326977,0,5.177781173,1.571971991,1.477973765,314,0,33.00699997,23.00699997,11.85200024
2045496.922,642980.7528,REIN,72.55,-70.45,2,4,30,29,0,-1.221351503,0,5.142163198,-0.237517064,-0.266288268,315,0,33.81700134,23.81699944,11.45800018
965146.2261,291578.64,N182,73.19,-80.74,4,5,54,53,49.65299988,-1.099325393,4.347000122,5.258421582,-0.209059958,-0.221837198,316,0,45.0890007,35.0890007,5.481699944
2139075.41,619435.1123,AMERY,73.85,-69.71,1,2,30,31,0,0.678748604,0,4.999259513,0.135769828,0.213002127,318,0,36.05400085,26.05400085,10.87300014
1807550.959,484331.8198,GROV,75,-72.9,2,4,36,40,0,3.642170174,0,5.547463051,0.656546991,0.717084658,319,0,40.18199921,30.18199921,6.116099834
2201266.712,533762.6573,ZHSH,76.37,-69.37,2,4,38,33,0,-4.891500855,0,5.202547072,-0.940212705,-0.96972037,320,0,33.40299988,23.40299988,11.54300022
1363647.26,315324.1904,CHNB,76.98,-77.17,2,4,54,52,48.92900085,-2.070579909,5.070999146,5.834337961,-0.354895435,-0.417353373,321,0,39.78099823,29.78100014,6.813600063
1202226.621,277334.8822,CHNA,77.01,-78.68,2,4,43,54,51.06700134,11.18157366,8.067001343,5.414561948,2.065092941,2.095297244,322,0,44.77899933,34.77899933,5.320899963
1642205.076,378227.3377,DT154,77.03,-74.58,2,4,47,46,0,-1.196711617,0,6.137392098,-0.194986991,-0.199780404,323,0,41.40000153,31.39999962,6.147999763
1444411.879,332406.7917,EAGLE,77.04,-76.42,2,4,56,49,46.66500092,-6.713820074,9.334999084,5.969259669,-1.124732454,-1.297403886,324,0,37.41400146,27.41399956,7.606200218
1107403.121,254442.9698,P116,77.06,-79.57,4,5,53,53,51.04299927,-0.152731431,1.957000732,5.298043351,-0.028827894,-0.012943371,326,0,46.00299835,36.00299835,5.103700161
1016894.406,232899.9097,DOMEA,77.1,-80.42,2,4,58,53,52.95999908,-5.055779636,5.040000916,5.339210107,-0.946915281,-0.976647786,327,0,44.62200165,34.62200165,5.685800076
583213.9844,132288.8949,P061,77.22,-84.5,5,5,43,41,44.92399979,-1.941005925,1.923999786,5.589373921,-0.347267145,-0.39859816,329,0,40.12099838,30.12100029,6.991799831
855701.6479,192683.768,P090,77.31,-81.94,3,5,57,50,49.0340004,-7.131068063,7.965999603,5.398195586,-1.321009576,-1.490958238,330,0,45.64799881,35.64799881,5.269000053
673804.5671,151477.74,P071,77.33,-83.65,4,5,41,44,48.62200165,2.594703593,7.622001648,5.345213384,0.485425634,0.588885577,332,0,43.71900177,33.71900177,5.765600204
763239.2727,171163.7421,P080,77.36,-82.81,5,5,47,46,49.68299866,-1.313596563,2.682998657,5.350033381,-0.245530536,-0.2842121,334,0,44.46300125,34.46300125,5.598999977
944734.2185,209961.5677,N173,77.47,-81.11,5,5,55,53,53.06700134,-1.635612986,1.932998657,5.229547991,-0.31276374,-0.366106371,336,0,45.63000107,35.63000107,5.304100037
1184941.497,259225.732,P124,77.66,-78.87,4,5,55,52,50.94599915,-3.128082254,4.054000854,5.305632484,-0.589577635,-0.689460433,337,0,45.42399979,35.42399979,5.11950016
1962501.707,425383.6076,LT892,77.77,-71.67,2,4,44,37,0,-6.947066458,0,6.289831589,-1.104491648,-1.277638446,339,0,39.32799911,29.32799911,6.592400074
2289106.805,486564.6718,DAVI,78,-68.7,2,4,36,35,0,-1.178493577,0,5.032474126,-0.234177772,-0.257358689,340,0,33.86000061,23.86000061,11.28299999
2283094.316,476963.2526,B,78.2,-68.77,1,2,34,36,0,2.453463042,0,5.043718143,0.486439363,0.59402455,341,0,34.0320015,24.03199959,11.23400021
925353.326,134004.9511,N165,81.76,-81.41,5,5,52,52,54.54600143,-0.194435073,2.546001434,5.239587239,-0.037108853,-0.034521527,343,0,42.5,32.5,6.362500191
1062431.241,75410.52749,GM03,85.94,-80.22,5,5,52,51,55.31100082,-0.85079254,3.311000824,5.642563052,-0.15078122,-0.160314422,345,0,44.27399826,34.27399826,5.704400063
904916.9745,55347.09318,N156,86.5,-81.67,5,5,47,49,50.22499847,1.869714229,3.224998474,5.355522827,0.349118898,0.484223607,347,0,43.61199951,33.61199951,5.906000137
863423.1348,-102498.4886,N140,96.77,-82.01,4,5,45,43,46.1590004,-1.828247912,1.159000397,5.242963456,-0.348705065,-0.412651047,348,0,42.08000183,32.08000183,6.317599773
863423.1348,-102498.4886,N140,96.77,-82.01,4,5,46,43,46.1590004,-3.03564764,0.159000397,5.241565579,-0.579149034,-0.656989595,349,0,42.08000183,32.08000183,6.317599773
1141529.875,-151907.0604,GM02,97.58,-79.43,5,5,41,40,50.04600143,-1.44450503,9.046001434,5.650150458,-0.255657799,-0.293208011,351,0,43.11299896,33.11299896,6.033400059
843167.4516,-178451.8707,N132,101.95,-82.08,4,5,42,41,47.45399857,-1.249556393,5.453998566,5.189701175,-0.240776174,-0.270760988,353,0,40.78699875,30.78700066,6.72879982
845271.9721,-179051.4229,N132,101.96,-82.06,5,5,44,40,47.29999924,-3.586224506,3.299999237,5.193813515,-0.690480029,-0.768246426,354,0,40.78699875,30.78700066,6.72879982
632096.4162,-166181.1827,GM01,104.73,-83.99,3,5,35,35,40.91999817,-0.375577999,5.919998169,5.99997392,-0.062596605,-0.060437443,355,0,39.9980011,29.99799919,6.906300068
1225197.054,-362454.7497,**VOSTOK,106.48,-78.28,1,2,32,31,51.36999893,-0.883008426,19.36999893,6.138143028,-0.143855955,-0.14285745,357,0,38.51499939,28.51499939,7.572000027
822360.4724,-261500.1361,N124,107.64,-82.07,5,5,44,39,46.93000031,-4.97067584,2.930000305,5.171592613,-0.961149923,-1.004839398,361,0,42.46699905,32.46699905,6.069600105
2462418.808,-911364.9883,CASEY,110.31,-66.17,2,4,30,33,0,2.706886745,0,17.16894867,0.157661765,0.248449584,362,0,34.375,24.375,10.2130003
802892.9625,-333718.9545,N116,112.57,-82.01,3,5,42,40,45.74100113,-2.314344833,3.741001129,5.168356913,-0.447791217,-0.523410728,364,0,41.40100098,31.40099907,6.387599945
802892.9625,-333718.9545,N116,112.57,-82.01,5,5,43,40,45.74100113,-3.489810267,2.741001129,5.168835413,-0.675163744,-0.733924359,365,0,41.40100098,31.40099907,6.387599945
783118.3929,-409404.4021,N108,117.6,-81.88,3,5,44,40,44.98899841,-4.099872596,0.988998413,5.172068421,-0.792694965,-0.833655662,367,0,40.82899857,30.82900047,6.527400017
783046.9264,-409541.0758,N108,117.61,-81.88,3,5,45,40,44.98899841,-5.277003791,0.011001587,5.172905401,-1.020123776,-1.118533808,368,0,40.82899857,30.82900047,6.527400017
763037.7168,-485547.148,N100,122.47,-81.69,3,5,43,39,44.875,-3.854810788,1.875,5.200902066,-0.741181191,-0.791638598,370,0,40.13899994,30.13899994,6.708499908
765528.6281,-489764.2591,N100,122.61,-81.65,5,5,44,39,44.93500137,-5.305703815,0.935001373,5.183770429,-1.023522142,-1.134811292,371,0,40.13899994,30.13899994,6.708499908
742562.1373,-559154.4229,N092,126.98,-81.46,3,5,44,39,44.6969986,-5.121056828,0.696998596,5.271253194,-0.971506516,-1.041243643,373,0,39.57600021,29.57600021,6.847599983
2213629.202,-1883946.119,,130.4,-63.7,0,6,18,18,0,-0.390266301,0,5.869522637,-0.066490297,-0.073409552,374,0,25.09900093,15.09899998,13.44799995
721069.1647,-637275.3444,N084,131.47,-81.16,3,5,44,40,46.68099976,-4.453235461,2.680999756,5.265032036,-0.845813555,-0.883555289,376,0,39.875,29.875,6.668499947
2151376.082,-1903376.773,WA-AM,131.5,-64,1,2,21,17,0,-3.757375947,0,5.512317004,-0.681632777,-0.750974806,377,0,27.18700027,17.18700027,12.67300034
2178857.339,-1941291.076,,131.7,-63.6,0,6,10,17,0,7.224618282,0,5.33810012,1.35340629,1.168301849,378,0,24.97599983,14.97599983,13.25599957
1965564.013,-1769801.787,A,132,-66,1,2,35,24,0,-10.8170685,0,7.607978915,-1.421805793,-1.545592159,379,0,34.13899994,24.13899994,10.75199986
2202695.303,-1983315.76,WA-AN,132,-63.2,1,2,16,13,0,-3.102889355,0,5.584256925,-0.555649462,-0.625197184,380,0,23.97299957,13.97299957,13.4829998
2188795.582,-1998645.017,,132.4,-63.2,0,6,10,15,0,4.681923191,0,5.574884171,0.839824299,0.845932558,381,0,24.10300064,14.10299969,13.43400002
702184.1072,-712803.6707,N076,135.43,-80.81,3,5,46,40,49.11299896,-6.336114467,3.112998962,5.191813213,-1.220404935,-1.382059189,383,0,38.64199829,28.6420002,7.020899773
702184.1072,-712803.6707,N076,135.43,-80.81,3,5,47,39,49.11299896,-7.522382207,2.112998962,5.191459786,-1.448991713,-1.559996302,384,0,38.64199829,28.6420002,7.020899773
1992453.077,-2084983.047,,136.3,-63.9,0,6,16,13,0,-3.439620647,0,5.95339585,-0.577757759,-0.646319768,385,0,26.00499916,16.00499916,13.61299992
1914437.184,-2126197.895,,138,-64.1,0,6,9,15,0,5.762888868,0,5.552645284,1.03786368,0.956003284,386,0,26.11800003,16.11800003,12.31499958
1876819.308,-2113912.462,,138.4,-64.4,0,6,14,15,0,0.619353239,0,5.545695677,0.111681793,0.17782039,387,0,26.71500015,16.71500015,12.27600002
687671.6544,-788848.5115,N068,138.92,-80.39,3,5,46,40,49.81800079,-5.673803074,3.818000793,5.248346003,-1.081064981,-1.203156755,389,0,36.97800064,26.97800064,7.535699844
1651654.812,-1968505.1,DRV,140.002,-66.665,2,4,42,27,0,-14.84645543,0,5.700383057,-2.604466275,-2.346850017,391,0,34.08100128,24.08099937,13.9460001
1693065.332,-2090761.565,WA-BS,141,-65.6,1,2,24,25,0,1.103405407,0,5.519275453,0.199918525,0.306746757,392,0,32.2879982,22.28800011,10.74499989
1728822.222,-2134917.646,WA-BM,141,-65.1,1,2,19,20,0,1.027026297,0,5.486128769,0.187204191,0.293208011,393,0,28.43600082,18.43600082,12.25699997
1800536.914,-2223477.915,WA-BN,141,-64.1,1,2,11,12,0,1.391530152,0,6.653174908,0.209152799,0.324886766,394,0,25.45000076,15.44999981,12.4829998
661692.2928,-865144.61,N060,142.59,-80,3,5,46,40,45.37200165,-5.685302512,0.627998352,5.19569955,-1.094232347,-1.25835992,396,0,37.26499939,27.26499939,7.397799969
661541.2865,-865260.0839,N060,142.6,-80,3,5,47,40,45.37200165,-6.873851355,1.627998352,5.196334024,-1.322827078,-1.504199064,397,0,37.26499939,27.26499939,7.397799969
1646546.836,-2241501.897,,143.7,-64.8,0,6,10,22,0,11.65516949,0,6.512747023,1.789593461,1.707227973,398,0,26.31200027,16.31200027,14.28199959
1554649.242,-2139791.109,B,144,-66,1,2,35,22,0,-13.271044,0,6.777180045,-1.958195579,-1.960700765,399,0,34.06800079,24.06800079,13.5170002
641340.9778,-941935.3881,N052,145.75,-79.54,3,5,45,39,46.37599945,-6.292929058,1.375999451,5.205070949,-1.20899967,-1.349175659,401,0,38.26599884,28.26600075,7.044300079
620188.493,-1016829.827,N044,148.62,-79.07,3,5,44,39,43.98500061,-4.906688305,0.01499939,5.070926213,-0.967611852,-1.033853137,403,0,38.44499969,28.44499969,6.967100143
599538.774,-1094626.379,N036,151.29,-78.55,3,5,42,39,41.48400116,-3.307448268,0.51599884,4.906651991,-0.674074353,-0.728288206,407,0,38.90200043,28.90200043,6.786799908
915401.8363,-1758470.567,WI05,152.5,-71.9,2,4,33,35,42.36199951,2.022790313,9.361999512,7.020021147,0.2881459,0.403273578,408,0,36.34899902,26.34900093,7.610099792
431262.1372,-836988.2765,LONW,152.74,-81.35,5,4,44,33,39.7840004,-10.91014446,4.215999603,5.512197022,-1.979273312,-1.991084491,409,0,39.66799927,29.66799927,6.210400105
672506.8037,-1341794.983,E030,153.38,-76.25,3,5,43,41,42.57899857,-1.725673208,0.421001434,4.830533776,-0.357242758,-0.422064945,410,0,39.09899902,29.09900093,6.724400043
672506.8037,-1341794.983,E030,153.38,-76.25,3,5,45,41,42.57899857,-4.30788197,2.421001434,4.827851606,-0.892297925,-0.909347052,411,0,39.09899902,29.09900093,6.724400043
579286.1518,-1169525.902,N028,153.65,-78.03,3,5,44,36,41.48400116,-7.512829372,2.51599884,4.946516037,-1.518812294,-1.605273027,413,0,39.13800049,29.13800049,6.6802001
654112.7958,-1343509.711,E028,154.04,-76.31,3,5,43,40,42.02299881,-2.655407742,0.97700119,4.581029589,-0.579653043,-0.662352611,415,0,40.41500092,30.41500092,6.247799873
654112.7958,-1343509.711,E028,154.04,-76.31,4,5,44,40,42.02299881,-3.817807215,1.97700119,4.581357341,-0.833335392,-0.870877569,416,0,40.41500092,30.41500092,6.247799873
855124.8254,-1800888.7,WI04,154.6,-71.8,2,4,34,35,41.96099854,0.566950679,7.960998535,5.653245471,0.100287646,0.1646861,417,0,35.39199829,25.3920002,7.929299831
632012.2637,-1340664.182,E026,154.76,-76.42,3,5,43,40,41.79700089,-3.420432349,1.202999115,4.541884988,-0.753086518,-0.815472199,419,0,40.4070015,30.40699959,6.238900185
961859.132,-2065536.505,BT07,155.03,-69.25,2,4,30,32,0,2.033010279,0,6.977472736,0.291367714,0.417353373,420,0,35.36399841,25.36400032,7.328800201
615452.5148,-1335019.707,E024,155.25,-76.53,3,5,44,39,41.71699905,-4.938115811,2.283000946,4.516526879,-1.093343612,-1.248893687,422,0,38.25,28.25,7.000299931
559785.1911,-1246742.294,N020,155.82,-77.47,3,5,38,37,38.45700073,-1.421885887,0.457000732,4.768171994,-0.298203565,-0.347713885,425,0,38.81299973,28.81299973,6.84250021
558261.5906,-1247425.27,N020,155.89,-77.47,5,5,39,36,38.45700073,-2.683594999,0.542999268,4.77200621,-0.562362009,-0.641012397,426,0,38.81299973,28.81299973,6.84250021
595772.3569,-1331865.785,E022,155.9,-76.63,3,5,43,39,41.89500046,-4.369958624,1.104999542,4.530995109,-0.964458914,-1.019239016,427,0,39.13199997,29.13199997,6.659599781
293070.0691,-666052.3976,MILR,156.25,-83.31,10,4,43,34,41.62099838,-9.144399277,1.379001617,5.854566941,-1.561925821,-1.637389787,429,0,42.80899811,32.80899811,5.172100067
576476.2536,-1328339.845,E020,156.54,-76.73,3,5,44,38,41.54199982,-6.008068627,2.458000183,4.50847631,-1.332616213,-1.517708986,431,0,39.70600128,29.70599937,6.43599987
576244.4058,-1328440.439,E020,156.55,-76.73,3,5,43,38,41.54199982,-4.893165504,1.458000183,4.508042512,-1.085430204,-1.230289692,432,0,39.70600128,29.70599937,6.43599987
789748.6719,-1842621.706,WI03,156.8,-71.7,2,4,34,36,39.99599838,1.965486944,5.995998383,5.459648162,0.360002492,0.493948567,433,0,36.06999969,26.06999969,7.713200092
617939.489,-1470019.955,,157.2,-75.4,0,6,37,36,41.11100006,-0.689105091,4.111000061,6.318438007,-0.109062571,-0.121096667,435,0,37.60300064,27.60300064,6.916699886
556835.8665,-1325955.62,E018,157.22,-76.82,3,5,39,38,41.01900101,-1.282831351,2.019001007,4.505434974,-0.284729745,-0.329438288,436,0,40.1629982,30.16300011,6.265500069
556835.8665,-1325955.62,E018,157.22,-76.82,3,5,40,38,41.01900101,-2.40742288,1.019001007,4.505958338,-0.534275441,-0.614740164,437,0,40.1629982,30.16300011,6.265500069
866594.1782,-2075729.327,BT06,157.34,-69.51,2,4,31,31,0,-0.364894691,0,5.893285351,-0.061917024,-0.056115774,438,0,37.86500168,27.86499977,6.472099781
536506.5914,-1321256.406,JNCT,157.9,-76.93,3,5,36,38,39.33300018,1.96809117,3.333000183,4.499747091,0.437378175,0.553334448,440,0,42.50899887,32.50899887,5.461800098
536506.5914,-1321256.406,JNCT,157.9,-76.93,3,5,41,37,39.33300018,-3.638945118,1.666999817,4.504213899,-0.807897937,-0.845932558,441,0,42.50899887,32.50899887,5.461800098
738819.2908,-1875602.038,WI02,158.5,-71.6,2,4,38,36,37.45299911,-2.204113156,0.547000885,5.340040103,-0.412752173,-0.469721218,442,0,40.49499893,30.49500084,6.197999954
517454.9052,-1321747.213,E014,158.62,-76.99,3,5,38,38,38.30099869,-0.039780957,0.300998688,4.487764051,-0.008864316,0.012943371,443,0,41.27000046,31.27000046,5.853700161
517855.9469,-1322771.603,E014,158.62,-76.98,2,4,36,38,38.30099869,2.174388294,2.300998688,4.489417802,0.484336364,0.583762109,445,0,41.27000046,31.27000046,5.853700161
793364.6056,-2059262.129,BT05,158.93,-69.89,2,4,30,32,0,2.257389178,0,6.192018007,0.364564375,0.498828564,446,0,39.40100098,29.40099907,6.235499859
501343.1705,-1326766.203,E012,159.3,-77,2,4,38,38,37.21099854,0.0983507,0.789001465,4.518116618,0.021768075,0.047475498,447,0,41.27000046,31.27000046,5.853700161
498937.6758,-1321795.451,E012,159.32,-77.05,3,5,39,38,37.57500076,-1.03325477,1.424999237,4.487107707,-0.230271889,-0.248449584,448,0,40.9070015,30.90699959,5.831099987
498937.6758,-1321795.451,E012,159.32,-77.05,4,5,39,38,37.57500076,-1.03325477,1.424999237,4.487107707,-0.230271889,-0.252901627,449,0,40.9070015,30.90699959,5.831099987
389105.9015,-1040711.007,DIHI,159.5,-79.8,3,5,29,24,33.95600128,-5.415060178,4.956001282,3.727782546,-1.452622333,-1.574731584,451,0,39.19200134,29.19199944,6.018700123
705972.996,-1888210.549,WI01,159.5,-71.6,2,4,41,33,36.60300064,-7.585801668,4.396999359,5.630815517,-1.34719414,-1.531501739,452,0,40.54199982,30.54199982,6.186900139
477720.1112,-1313238.327,E010,160.01,-77.19,2,4,41,37,35.76300049,-3.568186458,5.236999512,4.492698317,-0.794219021,-0.839778289,453,0,43.93299866,33.93299866,4.930600166
477720.1112,-1313238.327,E010,160.01,-77.19,3,5,39,38,35.76300049,-1.331239908,3.236999512,4.493466644,-0.29626122,-0.343134326,454,0,43.93299866,33.93299866,4.930600166
541617.345,-1488081.425,,160,-75.5,0,6,36,34,37.75699997,-2.453616909,1.756999969,5.059535379,-0.484949057,-0.548313357,455,0,38.45800018,28.45800018,6.329100132
477720.1112,-1313238.327,E010,160.01,-77.19,3,5,37,38,35.02700043,0.606574098,1.972999573,4.483018539,0.135304838,0.208590862,456,0,43.93299866,33.93299866,4.930600166
477720.1112,-1313238.327,E010,160.01,-77.19,2,4,37,38,35.02700043,0.538524404,1.972999573,4.476748375,0.12029365,0.182205199,457,0,43.93299866,33.93299866,4.930600166
355836.8192,-982988.3613,CASE,160.1,-80.4,2,4,27,28,31.03499985,0.934168278,4.034999847,3.94988075,0.236505438,0.352300748,458,0,33.6609993,23.6609993,7.509500027
355836.8192,-982988.3613,CASE,160.1,-80.4,3,5,30,26,31.03499985,-3.783111277,1.034999847,3.862050858,-0.979560191,-1.056197915,459,0,33.6609993,23.6609993,7.509500027
461445.0426,-1278211.943,AN08,160.15,-77.54,2,4,38,35,33.57099915,-2.701759886,4.429000854,5.063588644,-0.533566227,-0.609536825,460,0,44.00799942,34.00799942,4.982800007
512850.733,-1438662.855,N000,160.38,-76.01,3,5,36,34,36.95899963,-1.714516419,0.958999634,4.742849925,-0.361494976,-0.431516397,462,0,41.32400131,31.3239994,5.631899834
463168.4057,-1307947.229,E008,160.5,-77.28,3,5,37,36,34.24000168,-1.129372223,2.759998322,4.513029135,-0.250247049,-0.288707135,464,0,43.93299866,33.93299866,4.930600166
466104.7422,-1316239.188,E008,160.5,-77.2,2,4,36,36,34.72200012,0.435553239,1.277999878,4.486758401,0.09707526,0.155945804,465,0,43.93299866,33.93299866,4.930600166
466104.7422,-1316239.188,E008,160.5,-77.2,3,5,36,36,34.72200012,0.435553239,1.277999878,4.486758401,0.09707526,0.160314422,466,0,43.93299866,33.93299866,4.930600166
517564.7079,-1461557.648,,160.5,-75.8,0,6,42,34,37.45399857,-8.284933777,4.546001434,4.748800588,-1.744637119,-1.854390573,467,0,40.32400131,30.3239994,5.868500233
394216.7519,-1132036.31,CTEA,160.8,-79,3,5,29,22,32.98600006,-7.451785024,3.986000061,3.903172161,-1.909161245,-1.932026133,469,0,39.0359993,29.0359993,6.673999786
491026.888,-1459056.874,,161.4,-75.9,0,6,40,33,35.83200073,-7.462872892,4.167999268,4.645811207,-1.606365941,-1.654102393,470,0,37.40100098,27.40099907,6.73029995
437279.72,-1314511.334,E006,161.6,-77.3,2,4,34,33,32.26800156,-1.091505541,1.731998444,4.514512201,-0.241777072,-0.275239131,471,0,37.10499954,27.10499954,6.5072999
437279.72,-1314511.334,E006,161.6,-77.3,3,5,34,33,32.26800156,-1.091505541,1.731998444,4.514512201,-0.241777072,-0.2797228,472,0,37.10499954,27.10499954,6.5072999
434166.1038,-1307436.688,E006,161.63,-77.37,3,5,29,33,31.48800087,3.90149887,2.48800087,4.482376817,0.870408497,0.870877569,473,0,37.10499954,27.10499954,6.5072999
423560.8535,-1295886.061,VNDA,161.9,-77.5,2,4,35,31,29.45199966,-4.221191359,5.548000336,4.502977638,-0.937422234,-0.962839181,474,0,35.33399963,25.33399963,6.923399925
423560.8535,-1295886.061,VNDA,161.9,-77.5,3,5,34,31,29.45199966,-3.098750601,4.548000336,4.503885149,-0.688017234,-0.756706904,475,0,35.33399963,25.33399963,6.923399925
287031.5842,-881821.0625,DEVL,161.97,-81.48,4,4,18,33,30.7329998,14.85350269,12.7329998,5.258274193,2.824786641,2.796652016,476,0,33.84999847,23.85000038,9.168800354
424694.9755,-1307076.734,E004,162,-77.4,2,4,30,31,30.16699982,1.381164487,0.166999817,4.466086756,0.309256081,0.445766517,477,0,37.10499954,27.10499954,6.5072999
422759.3613,-1306548.781,E004,162.07,-77.41,3,5,29,31,30.16699982,1.795825385,1.166999817,4.478728712,0.400967663,0.51354071,479,0,37.10499954,27.10499954,6.5072999
483333.7402,-1496430.061,,162.1,-75.6,0,6,27,34,33.10400009,6.825078456,6.104000092,5.174162598,1.319069188,1.126635236,480,0,36.2179985,26.21800041,6.836500168
402984.8546,-1252896.609,AN09,162.17,-77.93,2,4,33,28,29.18700027,-5.052062318,3.812999725,5.295534435,-0.954023126,-0.98362239,481,0,39.3769989,29.37700081,6.002099991
462154.8342,-1456896.631,MAGL,162.4,-76,3,5,43,29,33.43099976,-14.2806847,9.569000244,4.687626448,-3.046463889,-3.134551484,483,0,36.67900085,26.67900085,6.649400234
361361.5944,-1150993.954,FISH,162.57,-78.93,4,4,17,25,31.50900078,7.641071703,14.50900078,4.502820139,1.696952458,1.654102393,484,0,33.43000031,23.43000031,8.958299637
490063.0379,-1563793.056,CPHI,162.6,-75,2,4,22,28,29.8220005,6.264178664,7.822000504,5.568560573,1.124918833,1.012012977,485,0,34.26599884,24.26600075,7.280600071
454520.2411,-1459296.486,,162.7,-76,0,6,26,31,32.68399811,5.48911344,6.683998108,4.752508716,1.154992819,1.026518672,486,0,34.88399887,24.88400078,7.044199944
398254.4648,-1288941.04,AN10,162.83,-77.63,2,4,31,27,27.4260006,-4.414947891,3.573999405,4.525058253,-0.975666532,-1.048691464,487,0,35.70700073,25.70700073,6.834499836
395808.5849,-1295440.158,E002,163.01,-77.58,2,4,24,27,27.72299957,2.968524439,3.722999573,4.506873476,0.658666025,0.728288206,488,0,35.70700073,25.70700073,6.834499836
395808.5849,-1295440.158,E002,163.01,-77.58,3,5,29,26,27.72299957,-2.65574521,1.277000427,4.508942934,-0.588995081,-0.68399883,489,0,35.70700073,25.70700073,6.834499836
395808.5849,-1295440.158,E002,163.01,-77.58,3,5,22,27,27.72299957,4.897995285,5.722999573,4.493047422,1.090127663,0.997717159,490,0,35.70700073,25.70700073,6.834499836
409941.8106,-1357792.784,CBOB,163.2,-77,3,5,23,25,28.84300041,2.086048042,5.843000412,5.123633643,0.407142311,0.523410728,492,0,35.26100159,25.26099968,6.965300083
436658.0937,-1464740.452,,163.4,-76,0,6,26,30,31.68199921,4.453122444,5.681999207,5.199504254,0.856451351,0.852119036,493,0,33.03499985,23.03499985,12.6260004
381827.6115,-1297338.93,E000,163.6,-77.6,2,4,20,25,26.4659996,4.614383735,6.465999603,4.431796915,1.041199275,0.962839181,494,0,35.70700073,25.70700073,6.834499836
381827.6115,-1297338.93,E000,163.6,-77.6,3,5,23,24,26.4659996,1.169929124,3.465999603,4.453986825,0.262670091,0.379982129,495,0,35.70700073,25.70700073,6.834499836
380445.1227,-1294309.519,E000,163.62,-77.63,3,5,22,24,26.80500031,2.253015551,4.805000305,4.45281912,0.505975089,0.6199602,496,0,35.70700073,25.70700073,6.834499836
370936.3804,-1290208.689,AN05,163.96,-77.69,2,4,18,24,25.84399986,6.071488506,7.843999863,4.38163417,1.3856676,1.212102035,497,0,35.15000153,25.14999962,6.997799873
476222.8935,-1671793.457,TNV,164.1,-74.1,2,4,22,22,26.18600082,-0.266290166,4.186000824,8.840903258,-0.030120244,-0.021573347,498,0,39.55400085,29.55400085,5.9447999
336734.6362,-1292744.178,M450,165.4,-77.75,1,3,21,21,23.18499947,0.300459713,2.184999466,4.27103545,0.070348213,0.121096667,499,0,34.28900146,24.28899956,11.67099953
319596.6142,-1291430,,166.1,-77.8,0,6,21,21,22.31800079,-0.15607745,1.318000793,3.890529893,-0.040117273,-0.04315673,500,0,33.81299973,23.81299973,7.452400208
328336.135,-1357178.917,CBRI,166.4,-77.2,2,4,18,23,22.71100044,4.662263793,4.711000443,2.371004272,1.966366678,1.879025863,501,0,33.85499954,23.85499954,14.56000042
481237.4476,-2013786.101,BT01,166.56,-71.11,2,4,23,31,0,7.81708475,0,9.577754013,0.816170967,0.833655662,503,0,42.38399887,32.38399887,5.27159977
303441.7137,-1289679.774,SBA,166.76,-77.85,2,4,21,21,21.83200073,-0.03001269,0.832000732,3.030389385,-0.009903905,0.00431436,504,0,33.81299973,23.81299973,7.452400208
284117.6625,-1220922.916,MINN,166.9,-78.5,2,4,20,23,23.20800018,3.099564919,3.208000183,2.945665397,1.052246098,0.96972037,506,0,34.62099838,24.62100029,12.50500011
284117.6625,-1220922.916,MINN,166.9,-78.5,3,5,25,20,23.20800018,-5.303689049,1.791999817,2.818668404,-1.881629297,-1.904857315,507,0,34.62099838,24.62100029,12.50500011
316254.2816,-1361173.992,AN01,166.92,-77.19,2,4,20,20,21.52099991,0.269457984,1.520999908,2.81252419,0.095806459,0.151580161,508,0,32.79700089,22.79700089,14.77200031
260139.5318,-1338301.873,CCRI,169,-77.5,2,4,19,19,18.95299911,-0.158899864,0.047000885,2.434616801,-0.065266889,-0.06908425,509,0,43.94300079,33.94300079,10.38899994
263706.9959,-1382400.484,WRS 2,169.2,-77.1,1,2,16,17,20.59700012,0.995805809,4.597000122,1.729088518,0.575913725,0.667734747,510,0,32.7840004,22.7840004,11.62300014
263706.9959,-1382400.484,,169.2,-77.1,0,6,16,17,20.59700012,0.995805809,4.597000122,1.729088518,0.575913725,0.673136294,511,0,32.7840004,22.7840004,11.62300014
256465.1821,-1383762.295,WRS 3,169.5,-77.1,1,2,17,17,20.59700012,0.030653972,3.597000122,1.759136537,0.017425579,0.04315673,512,0,32.97299957,22.97299957,10.49300003
249216.3372,-1385086.169,WRS 4,169.8,-77.1,1,2,17,18,20.85499954,0.536525764,3.854999542,1.818804304,0.294988176,0.426785906,513,0,32.97299957,22.97299957,10.49300003
230461.0275,-1377180.796,,170.5,-77.2,0,6,18,19,20.8409996,0.890610027,2.840999603,1.900888539,0.468523014,0.568482485,514,0,32.91400146,22.91399956,9.699799538
227429.6041,-1388829.814,WRS 6,170.7,-77.1,1,2,19,19,20.98800087,0.127742323,1.98800087,1.777905662,0.071849888,0.125443909,515,0,33.02700043,23.02700043,9.656700134
220154.6239,-1390001.59,WRS 7,171,-77.1,1,2,20,20,21.03199959,-0.290539572,1.031999588,1.705676166,-0.170336889,-0.169060929,516,0,33.02700043,23.02700043,9.656700134
217728.2793,-1390383.715,,171.1,-77.1,0,6,21,20,21.03199959,-1.414348212,0.031999588,1.708392843,-0.827882309,-0.864590942,517,0,33.1969986,23.1970005,9.35890007
208016.3428,-1391869.85,WRS 8,171.5,-77.1,1,2,21,20,20.8579998,-1.214872117,0.142000198,1.765024643,-0.688303204,-0.762463974,518,0,33.1969986,23.1970005,9.35890007
200725.7112,-1392939.937,WRS 9,171.8,-77.1,1,2,21,19,20.64999962,-1.647769015,0.350000381,1.772691066,-0.929529711,-0.942463759,519,0,33.1969986,23.1970005,9.35890007
194331.6638,-1382741.637,,172,-77.2,0,6,19,19,20.14800072,0.070675773,1.148000717,1.900613436,0.03718577,0.06908425,520,0,33.36999893,23.37000084,10.29500008
188562.5284,-1394638.538,WRS 10,172.3,-77.1,1,2,19,18,20.4640007,-0.669662794,1.464000702,1.806605803,-0.37067455,-0.445766517,521,0,33.36999893,23.37000084,10.29500008
222535.0053,-1645904.396,,172.3,-74.8,0,6,21,19,27.95999908,-2.17198042,6.959999084,5.975696438,-0.363469002,-0.436256565,522,0,33.73799896,23.73800087,8.645999908
176384.9858,-1396230.932,WRS 11,172.8,-77.1,1,2,17,17,20.58099937,-0.163224377,3.580999374,1.777077854,-0.091849874,-0.108068327,523,0,33.52399826,23.52400017,12.27400017
169071.9533,-1397135.338,,173.1,-77.1,0,6,14,17,20.38500023,2.628319398,6.385000229,1.723711059,1.52480277,1.416509088,524,0,33.52399826,23.52400017,12.27400017
166633.2358,-1397428.296,WRS 12,173.2,-77.1,1,2,15,16,20.38500023,1.124145592,5.385000229,1.748718019,0.642839829,0.700445895,525,0,33.52399826,23.52400017,12.27400017
158069.1148,-1387354.816,,173.5,-77.2,0,6,17,16,19.9659996,-0.762260915,2.965999603,1.936580209,-0.393611848,-0.464909108,526,0,33.82400131,23.8239994,12.85099983
147105.8472,-1399618.644,WRS 14,174,-77.1,1,2,14,18,20.16500092,3.898216722,6.165000916,1.94056877,2.008801122,1.960700765,527,0,33.82400131,23.8239994,12.85099983
121698.2332,-1391017.171,,175,-77.2,0,6,19,20,20.35300064,0.695597889,1.353000641,1.945307355,0.35757737,0.489080305,528,0,33.94599915,23.94599915,11.65299988
122656.7289,-1401972.826,,175,-77.1,0,6,22,19,20.39900017,-3.190075797,1.600999832,1.877282934,-1.699304745,-1.745516481,529,0,34.12200165,24.12199974,11.58500004
110417.6928,-1402989.812,WRS 17,175.5,-77.1,1,2,21,21,20.67499924,-0.349421311,0.325000763,1.929615721,-0.181083366,-0.182205199,530,0,34.19499969,24.19499969,10.13599968
85243.9457,-1393726.192,,176.5,-77.2,0,6,20,22,21.70299911,2.129334813,1.702999115,1.967751652,1.082115627,0.98362239,531,0,33.93299866,23.93300056,8.661100388
78559.17449,-1405133.778,WRS 21,176.8,-77.1,1,2,24,22,22.48200035,-1.778108173,1.517999649,1.800210502,-0.987722364,-1.071392193,532,0,34.05799866,24.05800056,8.174500465
76106.635,-1405268.75,,176.9,-77.1,0,6,24,22,22.48200035,-1.697919402,1.517999649,1.812886214,-0.936583548,-0.956003284,533,0,34.05799866,24.05800056,8.174500465
48731.23623,-1395480.024,,178,-77.2,0,6,20,23,23.3920002,2.870765423,3.392000198,2.06535587,1.389961636,1.22114537,534,0,33.67699814,23.67700005,8.169099808
29472.85671,-1407019.484,,178.8,-77.1,0,6,24,22,23.72200012,-2.123415205,0.277999878,2.057097801,-1.032238334,-1.159807055,535,0,33.70700073,23.70700073,8.102000237
12185.12881,-1396277.462,,179.5,-77.2,0,6,21,23,23.5739994,2.273390143,2.573999405,2.008547196,1.131857965,1.019239016,536,0,33.18199921,23.18199921,8.268500328
-36495.39456,-1327217.31,ShenS,-178.424896,-77.824303,5,10,23,22,22.71899986,-0.559841104,0.281000137,2.523242862,-0.22187365,-0.23068962,537,0,33.34400177,23.34399986,8.082300186
-108939.4191,-1274905.78,ShenS,-175.115997,-78.263,5,10,23,22,23.14100075,-1.364044259,0.141000748,2.648473832,-0.515030295,-0.588885577,538,0,33.67499924,23.67499924,10.76599979
-26878.20719,-1277403.268,ShenS,-178.794601,-78.279999,5,10,23,22,22.95899963,-0.874739256,0.041000366,2.421330412,-0.361263895,-0.426785906,539,0,33.23199844,23.23200035,8.953300476
-19595.15602,-1238822.737,ShenS,-179.093796,-78.632797,5,10,22,21,21.59600067,-1.092897769,0.403999329,2.165100443,-0.504779246,-0.573560785,540,0,33.13600159,23.13599968,8.073599815
-6084.322484,-1221908.342,ShenS,-179.714706,-78.7883,5,10,20,20,20.44199944,0.308125542,0.441999435,1.943050615,0.158578238,0.252901627,541,0,33.13600159,23.13599968,8.073599815
16885.11281,-1206071.234,ShenS,179.197906,-78.931801,5,10,19,19,19.34199905,0.277945547,0.341999054,1.930485217,0.14397704,0.221837198,542,0,33.05699921,23.05699921,7.796000004
7197.100088,-1204293.577,ShenS,179.657593,-78.948898,5,10,19,19,19.4489994,0.217996693,0.448999405,1.721620185,0.126622988,0.190985428,543,0,33.05699921,23.05699921,7.796000004
2327.110058,-1203435.372,ShenS,179.889206,-78.956902,5,10,19,19,19.47100067,0.256423375,0.471000671,1.669406486,0.153601521,0.24400246,544,0,33.05699921,23.05699921,7.796000004
-2510.176289,-1202547.687,ShenS,-179.880402,-78.964996,5,10,19,19,19.47100067,0.409360031,0.471000671,1.668807045,0.245300996,0.366106371,545,0,33.12200165,23.12199974,7.983099937
-21909.42388,-1198940.32,ShenS,-178.953094,-78.996101,5,10,20,20,20.48200035,0.247917078,0.482000351,1.998113371,0.124075581,0.186593515,546,0,33.25699997,23.25699997,8.519599915
-1622.20759,-1197659.866,ShenS,-179.922394,-79.009598,5,10,19,19,19.47100067,0.371370124,0.471000671,1.661306661,0.223540983,0.333996644,547,0,33.04999924,23.04999924,8.0333004
-726.498552,-1192804.416,ShenS,-179.965103,-79.053902,5,10,19,20,19.32799911,0.52354685,0.327999115,1.712730253,0.305679688,0.441006556,548,0,33.04999924,23.04999924,8.0333004
1081.97079,-1183082.55,ShenS,179.947601,-79.142601,5,10,20,20,19.85199928,-0.315838069,0.148000717,1.908764029,-0.16546732,-0.1646861,549,0,32.9090004,22.9090004,7.863299847
-1612.387026,-1144712.907,ShenS,-179.919296,-79.492798,5,10,22,21,21.65399933,-1.155133472,0.346000671,2.513299045,-0.459608447,-0.533332001,550,0,33.13399887,23.13400078,8.022399902
27228.77489,-993698.1183,ShenS,178.430405,-80.869499,5,10,21,23,20.90999985,2.016087526,0.090000153,2.999520526,0.672136599,0.733924359,551,0,33.46699905,23.46699905,8.337599754
224475.1048,-1268503.712,ShenS,169.964798,-78.184097,5,10,19,20,19.22900009,0.931242767,0.229000092,2.706019645,0.344137475,0.474544229,552,0,32.86600113,22.86599922,8.784999847
145347.2148,-1245874.84,ShenS,173.345795,-78.492897,5,10,18,19,18.13800049,1.413737608,0.138000488,2.944168927,0.480182232,0.57865392,553,0,32.84999847,22.85000038,10.80300045
66724.55754,-1223175.392,ShenS,176.877594,-78.7603,5,10,19,19,18.77499962,-0.247104039,0.225000381,2.72069929,-0.090823723,-0.10372973,554,0,33.3429985,23.34300041,8.315099716
-12190.21778,-1200668.447,ShenS,-179.418304,-78.981598,5,10,20,20,19.94400024,-0.317413415,0.055999756,1.766947106,-0.179639455,-0.17782039,555,0,33.12200165,23.12199974,7.983099937
-91986.17217,-1177490.508,ShenS,-175.533096,-79.160896,5,10,22,22,21.92300034,0.31256729,0.076999664,2.86668013,0.109034589,0.173438996,556,0,33.5019989,23.50200081,10.33899975
-170165.7029,-1155176.895,ShenS,-171.620193,-79.283501,5,10,24,23,23.81100082,-0.796248988,0.188999176,2.922434756,-0.272460826,-0.320341965,557,0,33.19400024,23.19400024,10.48700047
-248718.8955,-1131727.581,ShenS,-167.605194,-79.364799,5,10,24,25,24.3010006,0.899578448,0.301000595,2.950513463,0.304888779,0.431516397,558,0,33.41999817,23.42000008,9.29240036
-327555.4726,-1108607.481,ShenS,-163.539398,-79.3899,5,10,26,26,26.27799988,0.067658958,0.277999878,3.046605085,0.022207984,0.051795153,559,0,34.77299881,24.77300072,7.210100174
-396941.0982,-1081650.135,ShenS,-159.848007,-79.424599,5,10,28,27,27.90800095,-0.931548524,0.091999054,3.282730627,-0.283772454,-0.324886766,560,0,34.7879982,24.78800011,7.566800117
-485026.4175,-1062705.176,ShenS,-155.467697,-79.278801,5,10,29,28,29.27899933,-1.058491508,0.278999329,3.472895712,-0.304786436,-0.352300748,561,0,33.28900146,23.28899956,7.695099831
-563641.1045,-1039217.511,ShenS,-151.525894,-79.150398,5,10,29,29,28.95199966,-0.297984161,0.048000336,3.540503779,-0.084164339,-0.095058307,562,0,32.84799957,22.84799957,7.831699848
-640685.1533,-1010809.365,ShenS,-147.632095,-79.017899,5,10,29,29,28.83200073,0.481068453,0.167999268,3.644074798,0.13201388,0.195381027,563,0,34.10800171,24.1079998,7.634799957
-720387.5054,-991976.0559,ShenS,-144.012299,-78.751503,5,10,31,30,30.52199936,-1.291675096,0.478000641,3.728106148,-0.346469506,-0.393931438,564,0,34.20600128,24.20599937,7.68200016
-799863.0739,-968836.0212,ShenS,-140.457199,-78.474403,5,10,32,29,31.57799911,-2.657403567,0.422000885,3.90940016,-0.679747137,-0.739583924,565,0,33.59600067,23.59600067,7.917500019
-180076.0974,-1019057.87,ShenS,-169.978806,-80.496597,5,10,24,25,24.15600014,0.617377895,0.156000137,3.518197064,0.175481329,0.266288268,566,0,33.82699966,23.82699966,9.40019989
11866.375,-1074536.308,ShenS,179.367294,-80.133202,5,10,23,21,22.6060009,-1.721564914,0.3939991,2.936822605,-0.586199831,-0.678557554,567,0,33.27199936,23.27199936,7.811100006
-274046.6709,-894902.5212,ShenS,-162.973801,-81.401604,5,10,27,25,26.95800018,-1.52215438,0.041999817,4.097274884,-0.371504091,-0.455316957,568,0,34.00099945,24.00099945,8.07159996
42544.63514,-913951.3753,ShenS,177.334793,-81.593697,5,10,23,21,23.29700089,-2.051520987,0.297000885,3.667246206,-0.559417304,-0.630451371,569,0,33.43600082,23.43600082,9.754300117
38511.21584,-1333446.74,ShenS,178.345703,-77.767097,5,10,22,21,21.875,-0.506930328,0.125,2.787586484,-0.181852771,-0.190985428,570,0,33.41899872,23.41900063,7.711699963
-436073.4691,806410.1784,ShenS,-28.4027,-81.577,5,10,45,42,44.92699814,-3.372737049,0.073001862,7.228424698,-0.466593648,-0.538312332,571,0,38.67200089,28.67200089,6.335400105
253271.5093,-207743.6153,ShenS,129.36,-86.9858,5,10,46,39,46.18399811,-7.37363792,0.183998108,6.274444976,-1.175185685,-1.328038971,572,0,39.15800095,29.15800095,7.090899944
-247067.6355,561924.2137,ShenS,-23.7342,-84.3548,5,10,49,40,49.00699997,-8.606171699,0.006999969,6.657604044,-1.29268302,-1.440443998,573,0,38.83100128,28.83099937,6.688099861
514446.4313,-425768.6158,ShenS,129.612,-83.8596,5,10,46,37,45.97000122,-9.425277098,0.029998779,7.238108507,-1.302174054,-1.465233798,574,0,38.19599915,28.19599915,7.330999851
377321.8812,692632.4416,ShenS,28.58,-82.75,5,10,43,49,42.98799896,5.794809588,0.012001038,9.632437945,0.601593244,0.68399883,575,0,41.13000107,31.12999916,6.308300018
863576.3261,-102504.4465,ShenS,96.7692,-82.0086,5,10,46,43,46.1590004,-3.035103432,0.159000397,5.241760823,-0.57902364,-0.651645408,576,0,42.08000183,32.08000183,6.317599773
811941.8844,831597.9073,ShenS,44.3148,-79.332802,5,10,50,47,49.98199844,-2.745559413,0.018001556,6.236270304,-0.44025664,-0.503720469,577,0,41.99700165,31.99699974,6.426499844
882338.5131,1066063.847,ShenS,39.613201,-77.313599,5,10,51,43,51.41699982,-7.726163309,0.416999817,7.776379445,-0.993542479,-1.086837935,578,0,42.43199921,32.43199921,6.3125
-610545.6384,266816.974,ShenS,-66.394,-83.8732,5,10,34,35,33.89799881,0.993731049,0.10200119,4.407444436,0.225466495,0.338561951,579,0,37.35400009,27.35400009,6.519000053
-142815.8954,-241811.0595,ShenS,-149.4335,-87.4157,5,10,45,32,45.20199966,-13.23501379,0.201999664,4.847215685,-2.730436328,-2.627327267,580,0,45.10699844,35.10699844,4.649499893
1651654.812,-1968505.1,DRV,140.002,-66.665,0,7,43,0,0,26,0,0,0,0,581,0,34.08100128,24.08099937,13.9460001
1592691.846,-1994416.592,PORMA,141.39,-66.818,0,7,44,0,0,26,0,0,0,0,582,0,35.45800018,25.45800018,12.17500019
1493150.801,-2047095.448,PIDGE,143.893,-66.982,0,7,40,0,0,26,0,0,0,0,583,0,34.00799942,24.00799942,7.377999783
1439862.714,-2001937.122,CORRE,144.275,-67.583,0,7,36,0,0,26,0,0,0,0,584,0,33.18299866,23.18300056,7.690899849
1375380.45,-2045008.26,PINGU,146.077,-67.596,0,7,26,0,0,26,0,0,0,0,585,0,0,0,11.40200043
